A,B,C,D,E
-0.21653319392629533,3.3134027897391363,3.6647428088134344,-0.047254693720346415,0.3866161884829555
-0.0034540327613745703,3.8547570705824237,-5.08887267000433,-0.7255613768533844,3.266351699784554e-05
-0.5856028438296808,7.018951486666065,-1.3807235490397556,0.6911106200706411,0.35510762249825656
0.17586061081127413,1.4931495832266337,6.1554297887179,-0.3795478403164226,0.6501869499949277
0.8166057554667507,6.29388827825958,0.9573812378011866,-0.8165956278913626,0.06694504423627705
-0.8456094180876663,6.463918537985048,-4.698848574883137,-0.9868437312750267,0.39056647790759713
0.7662518048976414,1.761677343540723,-7.896996485847381,1.1294966128919273,0.2771918071810201
0.4585088918499436,0.9455447553655502,-1.1476128171425621,0.1637195615916117,0.6610722723485206
-0.8281429823804705,2.5376727684804385,5.27423079749968,1.1643589758858413,0.809579544006548
-0.7421933192470704,4.941934729162175,-4.509301101483699,-0.8571582394078762,0.5566626855888827
-0.4867441704739546,5.0086146370700675,2.4787427262390267,0.05498651637883529,0.8407537140468838
0.18215026266213474,3.1918875228820585,7.590698893623667,1.351860493936682,0.0006201325375713708
-0.5482815181162719,4.798876294545145,2.81826932144714,-0.09793330132678035,0.6919649708018017
-0.7477944402180823,2.577056973571947,9.87414229274237,-1.0017030773503295,0.14482102339465974
-0.9188714334008101,2.377377946461614,1.9297314997025126,-0.04538869211333335,0.6716445129800114
0.04792508326935696,1.3126402675424145,4.234554615965116,-2.122615018403145,0.06812410347623718
0.9135301081939893,0.928039572380641,-0.360447522102028,0.2642024526243025,0.272539691607843
0.2179496892405548,7.846471122213434,8.568544611144752,-0.13320561445233295,0.23050047709986143
0.260332635218647,3.433184256771312,7.465235784847213,-0.20577818131065417,0.18801412445737548
0.8456270945818345,2.47362881501883,-1.8189772179537016,0.7900445378049138,0.8133164064615929
-0.598697459838897,10.806068145149244,-9.335653526928041,-0.016557179181186047,0.24158897475646782
-0.9660695417233689,7.497471433516995,3.035306527542973,-0.587018693908309,0.04781287596612097
-0.9781389093186106,1.2026891161748816,2.138316309534332,0.24593287976989656,0.9264481850167599
0.9705642066664053,6.95821296507352,-1.1384346804218541,-0.638414769315885,0.8950860719778727
0.3019925483597121,0.6180784553608916,-6.142720076906669,0.6903130472767852,0.8341799188121467
-0.18606140599218524,0.14694788428257752,-4.146572717785297,1.2380247805016407,1.509291847316351e-05
-0.08161246580044712,3.8218788430899995,-7.121805944957977,0.475834750711361,0.062171264244225935
0.9272697780663426,4.23567701461728,2.9281095767795584,1.1365746442328988,0.4944708552809247
-0.004140532610194647,1.2021189650594946,-9.409847095683677,0.8506946270928529,0.05367450083408001
0.006024382888283997,3.2762208432717532,-8.554455695191312,-1.6315186387826026,0.9988514017819045
0.8832997234942699,1.4312288257955927,-3.1296422489017655,0.07561025844610689,0.8864286511239591
0.7350430444115443,7.143285676807243,3.3895642373536443,0.9460030093853348,0.2005970992561951
0.2163953049991436,0.8737442684145837,-1.878880404656062,-1.491015546730264,0.986728170877229
-0.8404943840627346,3.6476807956345354,0.8896597740141523,-0.41513767537784074,0.42058508333629946
-0.551495895588,6.182604884676425,5.400507980148335,1.1763199202313277,0.43317085462241994
0.9561883011318828,4.150516784929156,-0.457705587192649,-0.5535311812115722,0.3200519680270147
-0.15913071339605822,1.7195189791980063,-0.31375851619528916,0.007968914324461616,0.7769280953400493
-0.8315288462057373,5.222065066389202,6.396050539453295,-0.0859900605152537,0.021937116598437955
-0.575887747177195,4.687978308043999,0.9335699365067427,1.2597490462448244,0.08843580782366303
0.9444273501875866,5.4633966852446365,-1.3997091213616368,-0.7669522356727441,0.06879088310787378
-0.05228432438072317,3.3475755619831036,-5.300197817691972,-1.349285991711775,0.05411298185855084
-0.5755813827484264,10.419938426215294,8.87314153661218,0.8463439494712075,0.006751531841587731
0.7871704567272226,1.2333115363605542,6.886500589435251,-0.026951205281698743,0.36721199487393374
0.5085128972637851,4.7693978505968655,-1.075903875956552,0.8258124738733901,0.5139011617685411
0.418329475485137,2.1423683695920666,-7.130187458024677,0.15461494954465627,0.9476095406490193
0.6187050461291488,4.60461710666614,-6.465189203226491,-1.6534272557146952,0.09761859869550407
-0.15402330375021722,14.14094855703404,5.534256577468446,0.6910289992976756,0.0017072271791907215
-0.6373099069027097,1.3232291968950658,8.789799795920317,0.8644078223053463,0.11241599220981491
0.23719602017217278,2.1801887763209704,8.22089763893364,2.163542636837791,0.3348948659386767
-0.05382833439824686,5.182341728087675,2.6629718150016615,0.4719953139926278,0.5771707772204195
0.519402432805723,1.774830232668723,-3.5585228186447715,0.5258678627178672,0.6602331844239536
0.541041397075662,8.054353210817595,-9.827346379743588,0.5668651130703867,0.8299035674040423
0.15046344713314674,1.9375443385089535,-6.737726726654061,0.2830306859719708,0.9111273323429879
-0.02490517453140151,3.8667356909215074,-4.243468404182032,-1.4402519353886116,0.08203446503611465
-0.24505336946012468,2.2954827109489564,-8.028608747849846,0.5052285267323864,0.9530112519522828
0.4567634380357879,3.7041656109349237,-1.5936993671574804,-0.02185513615506184,0.401736281084639
-0.059674594983574414,4.402155109248817,3.6512045234641715,-0.17864061667708966,0.35775351268355304
0.7912226931476911,2.8204373997247534,-2.805137267076847,-0.1830974010569057,0.8384398709945314
0.9935453837623307,1.0751594418673276,-6.718541233355754,0.5299972936680902,0.9993471167565243
-0.22188447999477123,15.04178417434355,8.5989553760352,-0.7185269527382704,0.08076631687477552
0.3318245681949894,1.4680124369635619,3.2339725383272633,1.1689454774428094,0.16434060568917094
0.909004619251409,2.656366533967278,-9.049137951003948,0.47771504011363103,0.9409590745814667
0.7172933866151996,11.174555754183505,-9.896053270970473,-0.5358687936689516,0.4482134264881676
0.012697722691996205,5.134024831046039,8.01604143938037,1.370957674504157,0.12200770882457017
0.3759337636795186,3.458370719847846,-7.9730310070231685,-0.7901381424547333,0.003162620104759824
0.7889147722964629,8.341573279738233,-6.131794299517748,1.4147568317266919,0.19886848204923632
0.9461706802583179,3.6201899483465656,-5.063895744702675,-0.49245109315720476,0.803619018171089
0.18591949131020247,0.574975370755636,-8.702845470027544,-0.3146272583643862,0.48883218361421177
-0.2421856869333474,4.140377343491315,-5.3922133719413505,-0.3900006677251672,0.9413509358018741
0.03393493784832091,2.526198345484585,3.3698033107103758,-1.2378494379293272,0.9532450700575716
-0.008685723999802164,2.2637664899534387,-9.147376970339717,-0.6549697978308631,0.31649561710555624
-0.86858216745203,1.6551505384640075,-0.33915594610921573,0.3259048035682429,0.33801555064815864
-0.24496190672596097,1.9453440395966248,-3.0191883745904535,3.083991626525824,0.42642702192162935
0.39299391945409745,2.944800903585536,5.592325448350426,-0.9938360974504065,0.8623777639250377
-0.699068303654031,3.09995893502027,-3.204560193815724,-1.5995341919152024,0.940556135526489
0.2697533158469194,3.982293125900731,-2.519756897079164,-0.45553149758743244,0.2145681121911743
0.2249856018389047,0.9552575857653652,7.630921163333632,0.5876032992770428,0.09174892257547736
-0.2140050793881465,2.1032652754621024,-5.841674943480939,1.1133130485848377,0.8994880033275988
-0.3326737137331188,0.941038322002602,-6.362994172164567,0.36687487371821775,0.2574241826687759
0.420784841902236,2.422510247385872,-4.746491838228515,0.5570345617446758,0.5137300859227967
0.8344054871841704,2.0821234448651196,9.43539831759417,-0.8642525462769234,0.9703520574637484
-0.06402494185293284,1.5115568108737227,-1.6273823040262574,-0.2919525001876212,0.49565877979045564
-0.7781683983402159,5.396594378742053,-9.849952159701079,-0.3618845955158038,0.999223167644924
0.28815688414247664,2.901372191352521,0.4642314847309912,-0.5986047228301093,0.16778766477181994
0.11974038530015085,4.54536561206819,-3.943744882142626,1.096726719795135,0.9931375606342111
0.4986081033009071,5.921843778268193,-0.2941285124499835,2.0754988960685186,0.025431902746812538
0.5713511066212729,2.484741167931221,-1.89638052910907,-2.2124550977551514,0.5266214890237908
-0.5393225970642794,4.672178424720927,4.725500838548211,0.9944572874124772,0.2313267978020922
0.5633139235339757,2.8797693510134277,-3.148857605665551,0.020497348800952827,0.6240763994617395
0.7695300182005196,1.8491782136888084,1.859933838270507,0.2652711417993191,0.00554339751021692
-0.8219398972822933,1.1786167986378389,-4.93415603667807,-0.7402419549218484,0.14675584346064777
0.43503516393684216,0.35275974643553554,-4.4791719488120885,-3.1716493889471837,0.27843747702192484
-0.7988506806037674,4.699437951723897,-4.918022983542636,-0.08796086060755695,0.9406632385310152
0.9824093165080119,8.444866255164815,-9.82028038701015,0.60693385627206,0.9999028035895013
0.18561440907474114,5.481481123174233,-8.69568737856854,1.6111130625764312,0.31099612393609016
-0.3286177547038507,1.6936702617346948,3.2080903180134257,-0.2501371699834859,0.6720461627338287
-0.4913305554267866,3.8776686052135276,2.1349106416139954,0.6409730073081852,0.6648656901236919
-0.05992246688147085,6.252665171444604,3.042034820489617,-1.6258928622766382,0.022286622987194513
-0.8179041287314088,8.087144403307306,-7.0867283371458,1.0635184845101024,0.8165980644979897
0.7305004594510749,0.6858070177431118,1.3445266556554643,0.9497724815594767,0.6726283195697622
0.7832243763996467,0.7295575880882912,0.5852433517693552,2.047263389168593,0.8894661621068716
0.4337045110930533,3.5160666048671962,-5.694384528171355,0.8614243548804382,0.2794767527639647
-0.18139537574350784,4.140404055132393,1.6761265276180275,-0.8632556577942675,0.8420999761052096
0.7214669941592355,6.725387246509055,0.8663236506129373,0.21189511847738646,0.022822664940346214
-0.12443985130002333,0.4160500913667771,-4.569393179043983,-1.1306073963460954,0.888625694129071
-0.4328299178678283,3.2111726763868296,-6.302091775904195,0.8034187035683028,0.9441416180788621
0.02357439230091929,2.63967944242697,-8.956915906851034,0.13429585237064906,0.1321055304747956
-0.07394097611536599,1.9483349114171478,5.04055278583553,0.14603110630181457,0.2540276632505318
-0.8068372498305278,6.578326033381148,3.153567241246826,0.0028909126858085057,0.893566373733992
0.4447813034673471,2.6400149908825905,0.26516632458375256,0.24397558421651833,0.4382907002771289
-0.8542089160207476,4.525031437458387,1.9513159431680442,-0.9790973574091759,0.14058051917956857
0.8072221784201068,1.23630035599653,-5.202538886580377,0.4195089592930977,0.3685445125892903
-0.4024203325971638,1.7627636510468925,8.66269390196868,-0.565768574971019,0.5653285651540243
-0.22890814342715604,4.1662265309356386,-6.1130117850317784,1.1262387562706286,0.9999424768328488
-0.47735724942771096,6.920192363704742,5.2565053224618765,-1.2523214571520933,0.6941434930009406
-0.21551138398450775,1.0946696695495428,0.07280437086189906,0.5340958934035946,0.01631352952456173
0.7089467418296036,10.272335522696201,-8.877680003416534,-0.8418722395783466,1.147486360173805e-05
0.23499351371480603,1.6862412694723143,3.7087315978000497,0.7551072528212636,0.15526466448689735
0.591996610896661,0.8016755797295386,-0.08173611410111903,1.3788464023033413,0.9580337293202862
0.999399577352547,7.123019239255526,0.6001835859855813,0.8712682170668468,0.5823315552873332
0.6875566139664737,3.7611630847191324,3.401006731824566,2.2752197794080162,0.014401064464609474
0.015940322702276744,2.6082641215949813,6.558725408101754,-0.07537371719031537,0.996930596366717
-0.581463437102915,0.281091310735739,1.3106768864433,-0.3458364925453384,0.3151590974611447
0.6951757286293339,2.8031270114656355,4.435470881511714,0.2820089871797757,0.9071736048635959
0.7889293780033957,2.2126954175630797,-4.423545459836551,-0.47050353091347835,0.5775464582697997
-0.2312868655227298,5.597745236043171,-3.875725748717718,1.9881572762831672,0.12358932814950127
0.5216105080519786,3.771317231779454,4.043514606613204,-0.12391041989513686,0.10204876183334793
0.5894288933148659,5.0800731805364565,8.233690322991428,-1.059748735157685,0.7031901933276276
-0.5074247045737312,1.998936046391298,7.478293753951018,0.8055178187286697,0.9437353850598833
-0.9470835078354154,4.397796676730309,-9.418522305962203,-0.024250385084435156,0.42027871080087426
0.19237193745059722,1.000833948414395,6.598362565273341,-0.7638998591057449,0.006772443378630185
-0.07644662087593423,4.998230926522277,-8.089419159263155,0.01321974693350719,0.9998285669995611
-0.42113777817368403,3.7174469672114294,9.17556439545493,1.78385924883631,0.5960791704538596
-0.7830575661467281,5.133926984297562,-1.2543081884001914,-1.8654726859455475,0.4001218379902049
0.08098849908890293,5.301194071548825,-8.412711360962364,1.2153815482668875,0.9420397502653269
0.896449381181635,3.0646749893331626,7.427291619247779,0.09240910846843148,0.8466596307651845
0.708958618140856,0.33971960888426583,-5.152277450843523,1.0846577004218985,0.9983912146826942
0.19832802808428496,1.8873613288636146,-2.6248270084371583,-1.3806938546349872,0.4037170322175211
-0.22486357014578862,1.6028797991329382,0.38049768360959035,0.45193792636313074,0.6049306756326915
0.4720730871680794,3.9432904680786547,4.811888784545088,0.46971374376354996,0.7367282292537425
0.9319720907722435,4.290550086149581,-8.144073583418859,0.628497819081381,0.7343526027732565
0.5280149947771824,6.851253256731216,0.39251325330708653,0.18358062695378569,0.4602668313884366
-0.6425446552461571,7.131296372657857,-3.2781167629234105,-0.4547198281358989,0.720120014688349
-0.886018992893977,0.7053692581369185,0.45663428407814344,-0.6822916880750779,0.18316294999923333
0.4091258430346114,0.5218593907149623,-5.369224529752314,1.6372415160854255,0.9414592274159689
0.23008901725063802,3.0057620919991392,-4.7151870848787425,1.2068512011585575,0.48235399826405023
0.8088780684692378,3.3794420740799054,-6.412999350431674,-0.49868046436894786,0.9773585732833384
0.8053338453777006,2.7117235780114295,-0.5415644057111475,-0.8843008728555514,0.018699204883594757
-0.6893241425184429,2.892516793451275,6.2209600711280295,-0.3911014322284217,0.1142951364029281
-0.2755836525492299,4.253365675734875,8.29261194031718,0.9311913000371714,0.2299343178587872
-0.7771238621934216,1.159511871221103,-5.279693049153417,0.721906233212501,0.9472555622119294
0.6043488272930089,5.803688675064572,-2.60941779209481,0.6666395498051723,0.8892962725562941
-0.5716718610288671,7.633815918862858,-4.926570577875971,1.3802329873788384,0.7562827975043304
0.9047249831700215,6.001054482627088,7.466822630552393,-0.024506185495221978,0.42207324078760683
0.9698211820928364,2.3368061751502407,-2.6100512417786748,0.6522063687140116,0.6898860247081191
-0.7647566426007557,10.556987656168598,8.059660671234806,-0.1659807712894152,0.657345548464227
0.86215904425578,4.319218611994401,-7.9458139411246815,0.34040874629749257,0.0035541655803635174
0.31393306512867425,3.8882892245984313,1.868882371043517,1.2038591674778811,0.00028148551582261216
0.5468341816528686,1.632344604853885,5.529742729751199,1.8477316378898596,0.4642299708723248
0.23653713920904273,0.9354322209708015,-6.4777695393409545,-0.9153581306731216,0.36002340522637694
-0.4260125727431401,9.249342360238737,-4.5276601945402035,-0.07198262216197662,0.5183867004486545
-0.9367721121881099,2.1914275825765883,8.220414710505178,-0.40525369563268493,0.028590011467862865
-0.7198285564576539,4.067875391034919,-7.534158306043666,-0.5612923042184588,0.002537624799094404
0.44411027080029797,2.2303488876544217,-6.789701672358175,-1.148378203854515,0.6885319756980337
0.9115738452713116,2.46723079494559,1.7267160659517717,0.4436583454909503,0.10765328692780123
-0.24235303743828962,7.17202659309851,0.04699523293608188,-1.029151876303687,0.7255344245120375
-0.20993561444149766,3.0448888161822873,-6.814518193658985,-0.26292890921446194,0.9371111162317383
-0.23536859018477108,10.31854454625173,0.6689365845148281,-1.354036492418023,0.10284628147296486
0.227582146763331,1.8752976550992166,8.505514618064996,-0.28379347221163453,0.004008365858321083
-0.38157462382611196,0.17847409890951543,3.227661206295263,-0.9446714071980812,0.09582953490440324
0.8962823174262231,4.790560005871474,-7.501171745405097,0.5804455693456668,0.5426241233083298
0.48486641952087006,3.158230592031212,-5.7321701140173875,0.7517111633465411,0.1717595022770731
0.789447753996678,7.815147083942386,-2.441989421811539,-0.07825951712144516,0.6279479345792544
-0.21558573793268954,3.3119808744397967,9.09518992223932,0.0015939242596119214,0.0643043712908963
-0.6159692302064059,3.726546528208748,5.816025469225215,-0.23368259702556984,0.33490081179481046
-0.35920040644231443,3.1603410233576295,9.119444380531114,-0.695393711807912,0.27005876693761277
-0.15134172622165298,5.3659325693613775,8.65543519290621,0.6098287430853973,1.5653466577485044e-06
0.13422702615918847,15.119645847672183,0.35546078838656747,0.08518697395476037,0.0012508332925014172
0.5743583263755558,2.300379792845199,3.6739455492186224,-0.8072234432498694,0.8551976243381226
0.6215770839399146,4.466173418815587,2.6277138181263133,-0.0017215808705210417,0.0013188328011557967
0.8063353479448665,4.572018294434094,-7.681367288847065,1.1692585317574071,0.9993514441761023
0.055652598420951715,5.102649575811424,-5.783169119838907,-1.7126027688867296,0.7452819877774155
0.09465068413585831,4.247596878605521,-6.911205454970375,-0.06116181178906171,0.4761360269910736
-0.37797106004254255,9.295876188478168,-3.307856101504365,0.42577654945842747,0.1007633637202713
0.49820117427546173,5.022293473279184,-2.738131209382697,1.151551442814708,0.8749757705613975
-0.6324556128175365,1.407294372621076,2.5772038964392863,-0.6237879141329372,0.9117125155955448
0.7267835327052463,4.2073000858801715,6.991754295798152,-0.020125149107746435,0.21586691411121706
0.05623898859015375,7.5033805476370885,6.655159293923305,-0.3534041984159336,0.1846541839902337
-0.21968807983295457,2.472733634737057,6.716134983129223,0.743622497651342,0.6947367254630545
-0.7852782123682556,6.930298652411304,0.9788712993819626,-1.365196156973062,0.6615431885014457
0.6144299078033928,1.8778173163081224,7.303743003957209,-0.4540294713449575,0.9724713261107589
0.35831210943577907,0.3676837777986571,4.918490387988218,-1.1629866663267299,0.09466665762606816
0.7546948269854847,0.037943290207583115,4.611927566654066,1.434850939616195,0.4137528462179396
0.2310178521875783,1.414176294696226,-3.097015025765928,-1.6390764606658996,0.0027094654855951265
0.8219296729354648,4.451155343984199,-8.307792440363722,-0.5056610348955418,0.3074930358301727
-0.14940549833533545,6.208731131886111,4.873417440261745,0.26258186378562026,0.2948768840745838
0.7951023432098894,7.072642795614869,3.437051798666804,0.6463721999533864,0.16191088747858373
0.8854431232222768,3.7189646350908387,5.086620799160777,0.9314057019647687,0.03892435482326573
-0.6314593273019029,2.604620181521899,4.919157628729071,-0.3553501841890523,0.7399360536626064
0.7278348502251231,1.4629743029150264,1.106326905048519,1.8462818649951538,0.13817265903712106
-0.7296907711966971,6.412650001509211,-1.9138323539530333,-1.200548041056577,0.9622370808558434
-0.7255595749196866,6.558107262619161,-4.608084481392288,-0.38971572472636246,0.5134017540842223
0.14130037983266575,6.005802435226182,9.867858408796973,0.1217796778577646,0.16164481840092382
-0.5151546567206942,3.827081119918283,-5.515169672215783,-1.3096366750239734,0.15955291116928713
0.8527223350156792,12.479052325073654,5.927125269420868,-0.8957649079527804,0.7213986274474133
-0.6803158117419761,6.890432130831749,-1.6191712808305212,1.6014231795378113,0.6860644804081519
0.8392043864004433,6.629819027964746,1.3475645707574309,0.762208282487229,0.21909042410252072
0.5805198797658657,11.28105506733408,9.301209283073739,-0.2894074776804412,0.05382720343809799
-0.5602554551202226,2.078226757461048,6.087723068392627,-2.161820672420781,0.14779631971025212
0.07281540931560637,14.92910099162214,-8.98984465995171,-0.614706901968454,0.974398337463472
0.6852211079215296,4.69130712841584,-3.6667184331047586,-0.5728311124034823,0.8318819236369289
-0.07647777121520316,2.2449733101693754,9.057409096417821,0.8401625233339562,0.1202750427472753
-0.875093707390342,1.494867243216276,6.148942421187659,0.26649135931020407,0.9561122277638047
-0.8430678281280168,4.003396693572761,-4.993632825643397,-0.16122069451917045,0.454306857090928
0.9118233866865402,1.3011840710908944,-9.018452758691973,1.6774927003777083,0.490424077587654
0.1536464552861334,2.8510442319487037,2.525265050452191,-1.4927083997480062,0.9502123554666597
0.5406177325083978,8.362448607645057,-4.108460974451036,0.24802986905797028,0.0004496612314229334
-0.9679961769817829,4.7233785945632185,3.479229694972833,0.9754870839411585,0.47452178247758653
-0.031162642581504363,3.5145917668109337,5.4850862096871325,-0.17724836147435627,0.9769377447129394
-0.42506593713757224,4.133801313190131,-6.599753268555196,-0.007917849805311399,0.049041860693229584
-0.21041422294388523,4.462522677976743,-6.073652899471373,0.16248928942386212,0.9224668118081432
0.8636468175399057,4.899400796944022,-8.505023502353275,-0.2951266800930587,0.021662141876863605
0.11462014395096709,2.993362460954002,-9.395377873034974,2.0667818372589553,0.01117391143691319
0.504685915831822,0.8643344804479363,-6.381021825988757,1.0921717501052148,0.285304519529549
-0.7245068392871823,3.063325352662381,2.2327809697989522,0.506136614422787,0.9977392189303265
-0.43866651722542604,1.932274385531366,0.9693348724825572,2.0205160784199876,0.9919525908467269
0.9029184669080972,3.9992193533806906,6.210432404663024,-0.24230081631678088,0.659758713481111
0.11613926083749915,2.275404717849778,7.574534878905681,0.08410487865534574,0.20757588712633943
-0.5715405035109102,1.5050547792098998,0.6437094195078092,0.5463605903659922,0.9979553445174092
-0.8522228279751465,1.34495501303453,8.766918320214923,0.4529457642253861,0.8792993948894621
-0.38570773657420054,2.541057013558984,-3.5168686380265246,0.24869847595442696,0.901153825953963
0.1692102572417118,1.5868370832663892,6.787883999948502,0.23537086006978128,0.12296910422683324
0.1418864948224996,1.8486776958688704,6.997008524331015,0.31703531677685326,0.005640289761994059
0.5291454741375727,2.368706862411007,4.720103946042883,0.8754079018433344,0.36562506303227205
-0.48955138872873305,2.4509012034702624,9.14109396035483,-0.013279257691205455,0.844261945809739
-0.5496286310440457,2.7658157954025526,3.3471054095486625,-1.459514016413735,0.12599257668164227
-0.706704700492311,4.545863745129487,-1.12790876345192,-1.3925640653606721,0.9422963397360041
0.7547406055273465,7.867569706623929,-1.372282678885636,0.11465862653316186,0.053475253361540916
-0.7891978997274212,11.50555797101942,3.966991754295769,-1.0796697305984866,0.9197860171106135
0.7973123901200228,6.26585185531417,-8.410096438842558,-0.3642553003059178,0.30979670035635665
-0.7064118559500796,7.213651072819943,-8.7781011582421,-0.4976770761776768,0.37648159702466905
0.2333833736391222,8.52594374704337,2.7471929801302473,0.5503656781009069,0.3793647597469348
-0.5201101198060161,3.525410130781037,-9.79837654877076,-0.31015141581033256,0.005944003049942893
-0.642776649260598,4.169450462334837,-0.6886520712944986,1.7152799493571733,0.9549843620906903
0.8459136184103406,12.194631197886908,-9.677708681435837,1.9766743971221643,0.8774425602216067
-0.17557623621370633,2.239495454613522,4.62294665826934,-0.6205481746021199,0.9214470401285649
0.4899385012657227,0.8981786328390494,5.92990584234397,0.7942662567955547,0.3523486275274704
-0.09544409139785293,1.8037022778861767,-6.010861186175007,-1.9326150275570462,0.9961001360006789
-0.06402833427286803,7.810732511575584,-4.954867765187796,1.2470362493437008,0.9779953920046057
0.43021778192578775,0.6943149953604311,-5.847203501593938,-0.954597089179486,0.981513124477894
0.7400764456083855,8.533470263577907,2.966885688711418,-0.8862392050367925,0.9182404280030753
0.6471036829290968,2.0404229505211484,9.65333781162919,1.1035988592003676,0.2994121213100433
0.1355105531865317,9.741066375880994,4.561060269106331,-0.1500114459368319,0.9788896546767333
0.5281541415490147,2.2549954312487297,9.822348072416265,0.06831876672983758,0.274659754753031
0.9369148466892463,1.8728066119085238,7.368163567717168,0.9407779226818843,0.7028299408473958
0.2679235916781586,1.5230348821090176,-1.0279112131327288,-0.033122754206900445,0.9602741637050832
0.714473102720468,3.6266026173438823,0.7002880522818149,-0.20332536514079963,0.3411725617379546
0.231312238053762,6.528374166263363,-1.2744108507997396,-1.1767340187520163,0.5793107435615655
-0.4086093774098516,2.189974750705205,7.200847875257747,1.0276059047567656,0.07502429065184182
0.3169847619419057,1.2104424710281712,8.880991358511672,1.4078067214843666,0.8363651843489696
-0.3172173074706157,3.4708231577110094,6.279031735347907,0.06333287996426988,0.2818544654580663
-0.15811108068475566,1.0351205075834544,-6.442523551628543,-1.573909326623036,0.7779253308293655
-0.5226974118248933,2.538075059859727,8.183706798078305,0.44560062790497784,0.016799798193261696
0.3167793228677598,1.2461695551900516,3.6166113197345524,-0.32921457504083657,0.7175044398291363
0.2511938642177145,4.320184582148783,-8.866083598418616,0.6145540259158735,0.13841783611943578
0.01984153281337253,1.610741925000113,-9.38787398820362,0.23804546700005277,0.1779420230265767
-0.28302282932802747,3.4893655510008026,0.7267105776835692,0.005048161830387521,0.6326894561864426
0.19033060696971682,4.480461495247109,-1.7116337871271021,0.23321226743552487,0.23915295691071384
-0.37621057281521675,3.7910793447794195,5.857811128965542,0.4129500225724604,0.4293793907811757
0.8117907854073658,9.670125651677571,-0.7792566920962241,-0.2945861817927412,0.07466824958541565
0.6514327860432731,4.953413409452602,6.511158841941956,0.19471628539236974,0.8984787118176137
-0.1205545986082317,2.0645781156856717,-1.576876072481772,-1.8005341322635458,0.7639595538469811
0.280909293564247,3.6639515280179578,0.9799871979936388,0.7891836405207008,0.07786606773011703
-0.24204772886659232,5.789105420148995,-4.511942087558509,0.843966543859278,0.5649577287805996
0.07488698190505105,3.766557202996081,-0.8026392851122104,-0.6516049396302009,0.0033914991569333965
-0.2242372214590207,2.152174110026935,7.395145331937311,-2.084963120688009,0.03093080976070624
-0.3728952084853665,4.855260375579945,-5.130812702482601,1.091331381831339,0.06241075066649115
-0.7853566089851913,2.7030249101216146,4.8002271558445635,0.18910994261536337,0.19974241766356243
0.5324376493009104,2.3130379932220904,6.692190206533525,-1.1358467424889631,0.06822599789242002
-0.016860231654509894,3.9426585635888407,6.474697202005245,1.7511734096862281,0.03156765953985039
0.5382762909581533,4.3937962256529435,-4.955908130802122,1.8098316928266638,0.98243912176481
-0.8803509879890123,3.576019696157261,-8.587561080732877,-0.8963530363597684,0.4039781311289436
-0.3993098450256132,7.539561151710238,2.844477102847783,-0.5453185901711217,0.9573470901025589
0.9242999099647038,4.305615714897693,6.988110839817473,1.7207324976330052,0.1072408099573773
0.3365690249353672,8.806772501706723,-7.28346555666243,-0.46521176196863795,0.712834498032283
0.47000462595363834,2.6709718023095275,0.5127277950759535,-1.2613542819590469,0.07855197880076788
-0.9998847339966637,4.678993883223191,-0.9706450482590974,2.3764200961773962,0.3084654373759634
-0.0010996255346091832,1.2187730740529186,3.2086458670374753,0.17142051811101397,5.4464228172510656e-05
0.9463116926740731,4.343410858369626,-8.103636080429045,-0.5773389314721498,0.03297913474313532
0.8170223322173984,3.6572196656783413,8.656235098727926,0.23226698793508813,0.017224417538573362
0.6154388666461608,10.907967362902884,4.186487761747735,0.044059025200604986,0.32266210451087846
-0.753893884714945,2.560387033395056,-0.693338927683822,-0.8992050015004321,0.4145908670349806
-0.7590005096452321,4.113943387118003,4.70204914018427,-1.0214998809483926,0.47422350152847603
-0.44338682346872926,3.7305911358361654,-2.757470086241982,0.6049910968917322,0.5710814109727586
-0.518481108790243,3.6750588737492715,-9.495473097152352,-0.35046222613977845,0.3972213759553328
-0.47231388057547696,3.244996186531671,7.6429052296046365,0.2884181861107037,0.8743653213275107
-0.4998264055853314,5.229516013463279,4.01302600979154,-1.4450065401195216,0.556627270616694
0.5027720786238146,8.235920950515917,-6.794464831789522,1.823938887354454,0.8984175169741698
0.10858660606759973,2.4958236098869517,2.265952583935288,-0.8702007937000389,0.001978206681895452
-0.44127647312429774,4.42030187913016,-6.66787936270075,0.0670548233397438,0.7390099537824961
-0.9765676851015812,3.70706653224057,7.65223298732414,-0.6291623205273138,0.46106257484820473
-0.5621744975469707,4.812407130737638,7.864553358260483,-0.18770208939139946,0.5904492240410395
0.6552235819266012,3.345571042427976,5.205107641524702,-0.17357805866970583,0.19627781851571033
-0.5666289308487416,2.2572214216341298,0.6044205389781965,1.4896280477642259,0.9926173330650587
-0.5356112534361075,6.034321890452373,2.756258884482376,2.1186902314154192,0.6700022701420811
-0.9383178646933314,1.561740188030155,8.23309327240242,1.8118433860925358,0.9816575551320206
0.8853009057477201,5.017553873479751,1.470388469090489,-0.5921695859517948,0.9107819283408691
-0.8001620316039224,3.1332249590406795,5.918913590298322,0.3819281046004592,0.9177985061473795
0.5452055591218297,1.785345915276746,-3.0516450519442095,-0.05637167829024847,0.7711294892196524
-0.6958377653864405,4.4810361569514745,-5.76990070314004,0.7119704886199997,0.011363311166829622
-0.5773440740489015,3.731633185094174,-8.38792174887682,-1.4197504367831246,0.9283269223210004
-0.9778787107190443,2.8274362319651987,-5.304377326939158,1.0106838402083766,0.7953700417232592
0.12443422748081634,1.3903740087112157,-2.9186836069785294,-0.04043356863091615,0.2755486439410892
0.01026326228404928,4.026831223125276,-8.811882454388574,0.9681080904611714,0.14815638757669533
0.6344251916497281,4.447046877827917,-4.734223906187703,-0.2408387084033167,0.7138331752358944
0.5408874023896504,7.9799602621706045,0.6353316795759483,-0.1020945909379798,0.12199551306257919
-0.5941350016294289,1.984622164293202,-8.00108786264293,0.004199650309569218,0.3554625016877305
-0.1483984629213102,3.201702508450275,-3.5949135799862404,0.432760206909559,0.6432157152801513
-0.7387034910478147,1.8008329071492246,6.184096694854318,1.225535199253886,0.953127950187411
0.2307651060867555,3.1417081035579115,5.787686213540116,1.8790668979637861,0.5812824059360354
0.0315570381840069,2.823017569464665,-7.08516730783852,0.08807373038548515,0.8224055873748117
0.9937364463667544,0.7651901085896241,-7.477106878743096,1.8292901857954307,0.2652933169723583
0.18035248976333218,1.9917531172629608,-4.5073329649817495,0.18919727933230637,0.4147667850758967
0.38891167044900565,11.042410327520793,9.462392176557032,-0.22062101095794606,0.5474843149860809
0.9029019302342252,3.8447119622977994,3.997092435017752,1.3095828181191458,0.6360494221953181
-0.9496834259713565,5.27751946831331,-7.512607149885076,0.7363832609826234,0.7587195305052349
-0.20109471861993233,3.7530274737816067,-5.105440214683883,-2.003355940817275,0.6483604955533839
-0.2999121403649403,4.737846031692556,2.554846337511435,-0.2153788233315282,0.9581627444021499
0.6528422556409006,1.7596742451740488,-9.514042524476668,3.092582130249398,0.09921802354608983
0.7816832839003889,1.9405723258948886,4.181220850110762,-3.1088626662743266,0.02006859265263464
0.7648051323042468,15.202030258250895,-3.436139306638319,-0.060956106950384586,0.16220114529267557
0.4526546520120358,1.6084667926058192,-6.309399324490689,-1.2369284171129948,0.5660852988456502
0.08470448441753486,1.2970160696525201,1.3993157279918869,0.41864478708917763,0.5736913153881235
-0.13083113809872393,2.5054888696427735,4.126551506079172,1.3118922360996068,0.19428928359033704
0.1959723538575353,12.852983686490653,0.14347744050167677,-0.20177147399640985,0.41933282072691325
-0.6607955090505351,1.6292655700232614,-3.1295214048833397,-0.7242551046080361,0.008447113486149817
-0.8969826551793616,9.503515396432793,3.1955407762852417,-1.517538490172322,0.8027200289774599
0.7651192674342526,3.158790096976566,1.7039507365175162,0.16599483564475676,0.060016172419768296
-0.8860689405453284,5.774163815607177,-8.518613880043075,-0.6984718858011056,0.9961607025343663
-0.48540776406353925,4.07163220168261,-5.166703335600995,-0.3088520371580061,0.9473846969325941
0.2964701311520881,6.0670156406809275,-8.626000789575695,0.4216208369734402,0.787620269452827
0.20815746031950755,1.3091943521095057,8.386308460026328,1.4161951951381544,0.4208957589016338
0.23838906936487736,2.272397945962408,0.2730908750751766,2.2518851816529755,0.968116342033071
0.693509942847431,2.232090497598236,-2.341569925754799,-1.5649320802684112,0.24080583850417486
-0.7317375299189057,1.9103468510337485,1.7698856007332822,0.8377558484556191,0.9602978161425463
0.24532229004907613,4.295896713292663,-2.370285534401333,1.533542714549759,0.3391115409992443
0.2152976645636877,3.7139348698436603,-7.482290945087737,-1.4054342710635697,0.8299017011886807
-0.5965454512107435,10.364959277428573,-1.4905408159357947,1.8710306838677153,0.7323106555590416
-0.890122708517241,1.2020485389567082,3.3842297764332745,0.9327565034460277,0.3661857176828331
0.40614694192802414,2.732952632466677,-9.593372433436855,2.897201759528285,0.1399895631124262
0.723324850616839,2.702704927307524,-0.9855450556204453,-0.1451400430347517,0.0012829097513477375
-0.9561142568196133,6.403770055369337,-4.6134546923548925,0.15840482904836545,0.7000293715588639
0.25800270801456393,3.1805667917649325,5.4883095575748655,1.941745893293676,0.9153156224098787
0.6688223464559993,3.0387104345805946,2.2621000270085254,-0.1571367061018698,0.29147556893184595
0.6754540609207138,5.883984669935506,-1.1246087259448228,0.060670880106080814,0.14968338308683074
0.993031689076141,2.835202355545357,3.037709334297144,0.6958902686159655,0.11246946927958014
-0.1848296328134582,9.160033908567494,1.0255512024773328,0.11765435495429387,0.3262315173140583
0.36789410831849034,3.849254799813234,-5.915416679658967,0.6282797422159998,0.13275659030305303
-0.48439672294081415,10.779075186886578,-0.5519635825557643,0.8135514346115241,0.994522353536511
0.7777535612374313,3.048665651757527,7.038706700027092,-1.122937630875404,0.010305054520480346
0.7178762023286496,0.7116204369591186,-9.07526138173939,-1.143232081086811,0.020511536720412813
0.8865833119171573,3.586885442027673,-6.512522717977158,1.1914571689129867,0.2642865256665182
0.06857536679384779,5.278053391153576,-8.599172982864854,-1.8201206338536209,0.1694162851714688
-0.055652411127052215,1.796620036779628,7.3898261182678695,0.11111530699262195,0.9968253713980183
-0.2484263135513789,3.1216528575311857,6.641450967955279,-1.103058500616049,0.8323830549276476
0.5079983369564915,3.008393486423494,7.112880269704242,-1.4431152327924832,0.9688715186478224
0.002926386316474794,6.446876841106509,-3.079048093963599,-1.4351160263777099,0.9536617333457353
-0.873553030315185,3.803297545884001,-4.901949641659343,1.080277829406242,0.0029448687812592077
0.9982825432395817,2.1319887850818544,3.3028014735167606,-0.9737801468027335,0.018257827608008145
-0.553671135393067,0.9859868569568588,1.0067511527366957,0.462168290978237,0.3104158910420705
0.7465026060019604,2.389652341743115,-0.5386468081341,-0.3410340406415803,0.6642010427801993
0.8377406650095209,3.2931006956422544,-6.8414716838815215,0.9406052037396423,0.7632139742806404
0.7318585502014687,10.73009764392153,7.142131048282437,0.4727602032546355,0.25839263599729545
0.5249599808848775,1.3796863006147166,0.5740367488617899,1.1327231650904304,0.1355974191821566
0.01057786994211174,6.2563169499536615,7.399131116788187,-0.6532405402805017,0.9059703994929841
0.10490560958394801,4.721886513518587,-2.011900543638177,0.8736645986956255,0.7958799162009984
-0.5487521768359009,1.6411651363434256,-7.120130854863325,0.06129843909065733,0.7134746829300453
-0.16260962911359433,7.599446036329162,-7.259752885844666,2.332132618746571,0.3191216503694743
-0.460966690357006,3.9144834724182886,3.5337409052514985,-1.278282465581862,0.9513707555033507
0.9308546448595725,2.999484634475541,-7.3109800657618385,0.40676909409935563,0.6010236912817458
0.44981995043973044,2.810134545353888,-1.2501406829555997,-0.15731528214678384,0.051078857347125424
0.059217338767372896,0.5249687706941057,1.2012371144447336,-0.32206259362571366,0.004580306320373364
0.015866890343863238,4.298227089326411,-8.090346823422687,-0.8205255602631181,0.2969525029213144
0.10121769891827115,5.135100371238174,9.963405737130369,0.8832087324458184,0.41689538619282845
0.7312586396299612,1.5467071339271736,-0.7443567805037361,1.889715495785386,0.031881201918852284
-0.04928046271897224,8.593507040790634,9.732696143626079,-1.3306157399534517,0.07870725822498077
-0.5280698776013859,3.744354497573001,-9.740749535268947,-0.11936503872602308,0.5733824020092381
-0.10128125654871867,3.601877179153248,4.695932428642992,-0.9692728658931179,0.069292499081396
-0.1691906187412071,4.525518404168624,1.9413777152061318,0.9875784268942185,0.14540662279986152
-0.40139968745685284,3.6983773535017326,-4.597600496637424,0.2829616993599329,0.9990346576689464
0.41214855376250537,1.0275036755608502,7.431143590315266,-1.4247910988623609,0.43542768154658307
-0.568166971241177,0.7643232635895248,8.311153080577803,-0.24418610278764116,0.021294655028497148
0.3326497998315068,0.2257202554741533,0.8696589656487923,-0.6492341833632901,0.00529566264423949
-0.6486085602571716,3.2106154210991673,-1.545285578902151,1.4602648727316456,0.606832147288204
-0.32907098044540506,1.9774846144431795,6.316705294346285,0.17101103299018033,0.9971094995708362
-0.8407502656430741,0.7565671514429756,7.944967929155617,0.49826362756991444,0.9131812681385096
-0.021093809192175295,5.786700629432743,-7.413024220183024,-1.4184119775843507,0.9997294785300527
-0.2986774183021661,7.297921027671268,2.1149363591284462,-0.4884672957810121,0.6436174211151384
0.16534366839674108,3.089050327365866,-3.5108473239060807,0.09773967577108875,0.7101541944629625
0.6465703483328924,4.38116297210113,8.769205723792336,-1.4705278824624926,0.8927884597718592
0.056588595012189824,0.7625702770920156,-0.49727149540249016,-0.7517407849171153,0.017462187348042387
-0.885940077378178,9.445760681855587,7.146204750098477,0.6928426815864624,0.972508693217888
-0.3393416946406924,4.298084354644386,-0.1557781491596888,-0.4558581837788631,0.4856065873349505
-0.9487452583037452,4.217400103058514,6.226376846560552,-1.135315163131365,0.06370266149358833
-0.25202465154710363,3.8605393542301476,7.427580451271311,2.1151517577100845,0.520648624435454
-0.5657451735354277,1.3936232060669054,7.045783848142634,-2.0098608608324238,0.05661019829671378
-0.3729256459947583,1.9213976538306752,-8.422308041515707,0.8073147055208977,0.5880766994725743
0.3076710812035046,7.03519542946321,-5.889822817562109,0.8843023259995298,0.7630230081438172
0.44635972318622796,7.316488378140031,-9.069867981496557,-0.8100327684346262,0.7647658172088446
0.060115108520379934,2.035573869566167,-8.950190212636183,-1.053610211623826,0.5847349408398455
-0.34483170448796185,3.5671623653424875,-1.544989981025111,-0.7407889865875938,0.9946201041873008
0.028608396805137826,1.9640229456867841,-3.0232958518213637,1.0233803750355879,0.8819087139842755
-0.16455349331376445,10.636981752933902,-6.756251265033953,0.5643136829080531,0.44957886704222344
-0.45317412231604903,1.2091317414237892,4.148886789267841,-0.06888014193942832,0.5124370077773782
0.6954245147983249,4.883880907261231,-7.376235388002863,1.2499787022566136,0.843678361820795
0.13974979334384452,5.007721901872981,1.2192851423770907,0.400762536910309,0.1877378343492317
-0.7950394635703018,3.1796996718845096,9.98131433937117,0.3335579975137593,0.6687943667964217
-0.11225870227920076,1.9603379314076106,2.1371802405817277,0.6098215682873265,0.7895654047545221
0.5258180394607503,1.9397367909395977,-0.3321574073346234,-1.768792270541503,0.8722226696326962
0.25999581331221666,3.888301225407252,-1.6625814744145924,0.20308853123519044,0.4426337454605183
-0.23142252348061976,3.526866822922794,-3.4598852133236457,-0.6291896815807851,0.0028911874022792554
0.8860889633181712,0.40378673218754607,-9.668779152808538,-0.26779865693327837,0.0900865436675232
0.1461811812734537,7.257205460256923,-6.110126113327472,-0.7874692925742992,0.04154447971953197
-0.9540941982643678,3.6909187560126986,-5.2558706116609555,-0.3140905092200394,0.9950269775268789
-0.9881911691805372,11.60319486897111,6.06207171411862,-0.7048856494324387,0.08279338793628488
0.46887785471977717,1.0696201265757437,-1.1873837984957483,-0.8323989942962875,0.18159138579299472
-0.5406423460538714,0.7363372529899322,-8.02643205686914,0.16165232914835184,0.921792666634187
-0.7254006822212409,0.7512380141405279,-3.9430475488150325,-0.4333123139150256,0.48068178125624905
-0.2158429003316953,4.782649836819251,0.20084729165898096,0.6072115553996554,0.0002765445105479033
0.07461498130562183,2.6501128711398376,-4.411739085074777,0.7958691797753576,0.9667187275598959
0.5110083268258321,3.1598042941651885,5.988853634307816,1.6214021080350876,0.01846843156024063
0.8474533106187057,8.161694686017032,5.390231058333194,1.3498556240227333,0.7483005508867657
-0.891915515563181,4.257438405469124,-6.844757699975026,0.2738517015446767,0.9266339175018593
0.08465046697021572,5.694503042456502,-7.663867838269969,0.05686127605376713,0.9971850109165155
-0.8427706530878389,0.692485257857168,6.567243413912507,0.29820513731213716,0.062688101482776
0.39992124245620153,0.6702955130244987,6.228032405427054,-0.7212814466590065,0.13797965218015254
0.414286310469379,1.4738695637936459,-1.118130787951138,-0.7904284503213981,0.38809113605884765
-0.4524287668021456,1.346706677682626,-9.21491861071425,-1.121770771385205,0.8558924501693858
-0.8345749339640449,1.5505865198819846,0.446687943609664,0.08576009849668582,0.0048879843152510195
0.11609175684016027,7.078322245767618,0.5986429568995622,0.8002827984340306,0.2194651949985675
-0.5032415626855335,4.531991881976118,-9.46013904290706,0.7537487925207604,0.6134817581948986
-0.20435463246427932,2.193601578793917,5.979022814469001,-0.10926608447449895,0.4929746279669857
0.06970588345022866,5.902336835759901,5.063063506691092,-0.11177388013464253,0.8299922953640562
0.31562958778958916,1.705572953123663,9.888004276709793,-0.9872496989605717,0.5282231965653064
0.19096986488818168,2.2785797246889734,-7.111519786364737,0.8551145761494721,0.14992958749704963
0.9577834723089105,6.611895909209559,4.983023274998503,0.45279906246613966,0.27666516983855005
-0.04722728826015943,0.7219459617223155,2.923374154147748,0.3773538498336166,0.029647718884819065
0.26274532637386305,10.159405233524259,8.201122635591918,-0.2018495272873687,0.41087824140228363
-0.05425652704690398,3.3668403586000903,-1.7511485223476875,0.9468837135316209,0.07151452824601513
-0.08879595092161008,5.345578604645384,6.403952366102171,0.3947912172792637,0.5308774156085928
0.3080052375233524,1.8413650900601535,-6.302574728906565,-0.28241826559405947,0.7276968764226437
0.01481541367625372,1.4138315755168973,-0.21001194790569144,-0.5879706575790276,0.10190239954039967
0.868783674348133,4.500883218069215,-5.613501245290147,-0.3267463857603376,0.0020631360963119945
-0.3741240080320771,7.4858266126768225,-9.129722181601107,0.16623639584796457,0.9780172320886561
-0.9868110486257524,5.198144519672239,-4.087733753683722,-1.3282926340354748,0.06415864545785803
-0.7318436169023563,2.53600853463996,-7.812135423336817,0.5231862208468618,0.10867159180498956
0.6936073406237608,1.1493977441980483,8.707718738381867,-1.2248636922780591,0.6144416267930749
-0.3202300528523314,1.8695892115814232,2.6904731093238468,-0.2133881924907006,0.19521032565244473
-0.11500537655163834,1.89925626051861,-9.225994473350827,0.6161067411754455,0.6079560346222985
0.388500766318604,0.845413881611686,-2.5925028816761175,-0.7373956993648448,0.23250934766309078
-0.847454926674545,4.877286033836134,-3.8235055418926356,0.011932996355659012,0.47072297757517
-0.15542761955649853,0.5309484249825382,6.04705803708131,0.5226311770105853,0.6376535469257479
-0.25674026604771716,5.166096215767246,-3.4687291367160995,-0.526535612442195,0.9803104040618073
0.8711742257815052,6.459113244989075,-4.180019553918289,-1.972211012175863,0.01700513239273498
0.5140858382133968,4.880969170180086,9.454399746891195,-0.5178907881426364,0.06593049253424722
0.4991744827967499,3.0171780807321307,-2.24762377127891,-1.2050180623186235,0.7074939969498566
-0.07219820476035865,6.811231010289943,-0.06816367290988978,-1.351089773687783,0.37296008059106267
0.3576433725764756,0.6561409235552633,-2.687785097014725,-0.03789155438827823,0.9999273537489779
0.8042608997592577,0.5110106047706171,4.222521085524347,-0.8154630627463105,0.008238499334826796
-0.060100968991445125,5.279819261897466,4.052811614722184,-1.1479445395521373,0.2706216951351486
0.5680799069610727,6.122941258781655,-8.115675165498574,-0.4024467264682323,0.6085890747986137
0.3044494343755375,7.258528510809774,6.242531341834894,0.05633852812984713,0.3916737777623193
0.7740363896032167,3.521466785894721,2.1032354864758336,0.7882962415247936,0.9743506107612373
0.19880073486182148,4.811337705663514,-2.641308870750292,1.5052075431062335,0.6373362751129333
-0.69650834897518,5.980246167903575,8.152354158993912,-1.6463467735822643,0.9021600080671137
-0.3109372487972071,0.49287386944796435,3.2979874044295077,-0.3474604939626533,0.32027921531400677
-0.18022691017685166,2.103453772477793,0.4149854584739501,0.6468884215591558,0.08539457253528636
0.6857196709344269,6.454134596879469,8.378029185155615,0.22994575485395272,0.9912438312356117
0.9760378164646142,7.447500242961435,3.3964080517935784,-0.5492769518155916,0.1098204757345938
-0.6228621848537466,7.018776693264649,-7.752615415542268,-0.8569323225084691,0.42631953436421705
0.8873650832960351,0.6450571077556477,2.0518229644113752,-1.2244835418646365,0.02995151646283305
0.6444423441847476,2.4666903651930343,1.4413237418068743,-1.5949314778069053,0.3708884193079486
0.05460988848066739,1.7968391954583223,9.182605282517876,-1.2736492051923494,0.9379552702813484
0.6486218908426034,5.938719622372556,-7.886509845866934,0.5705748029159201,0.002511960490592555
-0.7674463406824452,8.152115607475311,3.8666988737623793,0.8604385285962403,0.8715372412299384
0.9156007676444968,1.010652566680398,4.34892578629896,-0.1609327692025068,0.26188296598893956
-0.8329079469222278,4.7868023684105765,-7.929759606556386,-1.005940200599061,0.058635246386087136
-0.9952303982247166,7.497470644704455,-7.649953198857331,-0.16645845866762257,0.9261851202871398
0.0780315534404461,1.8518558133691863,-4.702161009455235,0.39680761038079093,0.23455074862708428
0.9529447813119887,3.6727895620709945,5.231444456251461,1.3051191228474641,0.07749039039376987
-0.43749507298613954,4.476825291402806,1.6067059612079255,0.31442280746785434,0.09027088830990003
0.560880210147114,3.92085489597911,9.36703771137725,-1.6838165225414765,0.0006983785044555115
-0.05434619652353656,5.0565208510607365,-3.1436818000275757,-0.3590510418946893,0.4228668346007364
-0.7795807196235909,6.003576846890472,2.4238033940072707,1.2134105563081892,0.5486180350078801
-0.7990602334489871,1.3500562240239895,-6.995942595791924,0.14372838855408782,0.7647469180355725
-0.27148663300132325,16.05668091611106,-2.922267849361477,-0.48065436262816513,0.00031726764195685804
-0.11080411181100058,4.155926485054287,5.028754692816225,-1.369458890060971,0.048232073509214504
0.7385548145841863,1.153940306538933,0.051803530859043434,3.343671708728023,0.9615833810462161
-0.23336205677426203,1.4599389532878118,9.563362817649864,0.06382602882415121,0.05194023459889306
0.8907437182796485,10.206588329107849,-6.538701252587254,-1.3033369414488782,0.156058586734386
0.27077663222349746,5.0470883652207865,1.1894472975651222,0.11335081457145996,0.3172593809300308
0.24548876958733357,3.912143783432239,-9.271478179473455,-0.8259610777027484,1.1803622479326728e-06
-0.771778052831573,4.979352720645125,5.98390155237958,0.69495358629602,0.40228585125744093
0.19116170735766103,1.3991095336321404,-7.625253662765332,0.20260203757767217,0.21388023494897773
0.36694158636529695,4.1024915241819855,7.523153639452758,1.184941453046718,0.24815055027689076
-0.42956818679079767,2.766974092519559,2.6401958968685904,1.5770305377395193,0.14571353856446406
0.47720829002892806,0.09915329444775943,-8.704053491813717,-1.1865479670691113,0.8247799485392301
-0.2645377894496581,4.762607191562592,3.424500566872812,-0.16049412891505674,0.01898745737911396
-0.6023066580078438,3.1126170006731257,7.454608799834929,0.9686796948295852,0.8911287323105428
0.4338243023517441,1.5950713931518177,9.55618377890189,-1.5719790757553838,0.7871017627769508
-0.31445192890718077,5.2866365481981195,-6.6250188860430415,0.15891240281073976,0.06642457936157935
-0.30323172415534105,3.223167641968979,-9.848132495937536,-0.30281800790583074,0.5654575727100303
-0.19573464520971973,5.379195490835252,-7.524893342460064,-0.15657429407179033,0.22465899297535608
-0.040083504552307136,2.8334947130616435,2.1742878440410234,-1.840829098412507,0.6187681004309449
-0.7206948109349016,1.5521968517736235,4.283124103370692,0.06809941278808226,0.01192406391441408
0.0047135677660583575,7.595662658700388,8.420262185017705,-2.3937220554415717,0.7554767996668172
0.6197468668240791,2.8921456920139246,3.5670503654328947,-2.0493995676604695,0.005780732595362533
-0.48106278487372056,3.6430202864027925,-2.6002934986145076,0.26933879252996157,0.8464102140190896
-0.23688285350020588,0.8567157368987068,9.88187284903795,0.8026794073951111,0.5653207763345652
-0.7898749342580478,3.887537044852922,-1.8388261754958162,1.804108460866772,0.05697030188256253
0.18549006852700822,7.299294240551181,2.65378929053902,-1.4796609724655014,0.1579988687400307
0.23872530261017966,4.738251846167602,-8.45601264374,-0.915363740135261,0.687120385788382
0.47992129896604374,1.4390318371532227,-3.1867870398990945,1.199256231531303,0.3735827554572579
0.9343997365990317,1.416924299587158,-8.99976570389903,1.7898662393704323,0.021234456236925534
0.08578630079342475,3.6981702757525303,-1.055248596718517,-0.1648637399280067,0.0005396535202533241
0.9967801222310033,4.570936810665731,8.908805464571248,0.41175671416114157,0.4183845034920169
-0.8892070664541258,9.50700807208231,9.0181520834375,-1.2642064831812094,0.7470580092182879
0.14640438177695825,2.44035940584235,8.155394076623658,0.40911743383209564,0.9977319640666109
-0.41291237702972494,0.695188130416161,3.6941590407172757,0.6028059980010669,0.014057494957111224
0.5838178591020586,8.209424972834908,-3.7933826277976523,-0.743348608804982,0.15831615056071355
-0.6813714421027628,6.813631822737881,4.592397396865152,1.815177620576298,0.7793441812097268
-0.7548556678407978,1.6044746807922345,-3.3349584255562377,-2.1884272321064553,0.7723164785593652
0.7427382824796664,5.500985161460465,-0.979167360939714,0.9804769053472154,0.5910122318050286
-0.687223689238788,1.525511847111499,0.846367830797794,0.36405602671313614,0.4978236252553456
0.9093507553260423,4.600866981859426,7.721535020488261,-0.6472866718568004,0.7723047288381578
0.39559786624097537,6.911827885939667,0.7507578327568645,0.19265621071432892,0.8992756954937337
-0.06145737616208535,6.741263009990199,-7.75310036682286,0.4972672414177798,0.2843433168149498
-0.288009622948473,3.9677412285286935,6.011164905860941,1.694385582568525,0.7637654265433319
-0.17562710405977633,2.470573695299117,7.973012232619283,-0.09458841034272607,0.85231933069047
0.9272968091441731,3.011826258584071,1.4176485575296933,0.9230712497837731,0.0004270045953915066
-0.2838718463720118,2.2694893091545847,-4.968189947476683,-0.9603445865341496,0.801749812388809
0.6095146110925733,4.187061536496174,5.216293395562824,-1.9312828104605984,0.9991968313815335
0.06308116385751283,5.44031500222605,-5.647982242603442,0.9170169082483467,0.17923525602177706
-0.5731794166042983,5.443609537086409,-4.92780343350087,-0.4091001467777655,0.9943927721081506
-0.27065171823899115,9.871127934996213,-3.6919196248471797,0.6290532920301655,0.00405394053955894
0.7995051366281154,6.755032249666741,9.286069963008917,-0.7762416947157782,0.5182620283217634
-0.6039677697671733,2.125947155736476,1.2035273928887982,-0.7061698585562379,0.23775128939223225
0.6139033204864386,3.655749553908316,2.3699902497033154,0.541040865499827,0.5773965512632538
-0.043829832097417754,2.278129205195308,3.9840950908739607,0.9593068492239519,0.29385910885459093
0.7794211878732618,5.331502084206895,6.236249676894918,-0.2768251465027703,0.31277562223986505
-0.23436422644678379,3.836086216513528,4.042164407413857,-0.34130766195687817,0.07677177518185624
-0.6295050601703043,2.3370105801920102,-3.1818726308673595,-0.5169160683264586,0.03110712833457182
-0.11001069882216363,7.060018028588737,1.161773218563333,-0.1694873271350341,0.9980088989091399
-0.5590078443367252,1.5690505199034186,9.448529876087001,0.7422967274558607,0.9997033702136803
0.6024639581008768,3.406908500783008,-4.782688871603478,1.1391675455566437,0.6278118924079452
-0.9058455402929197,0.043415630156744066,-0.13798536066744127,0.6727336443194214,0.764542009487538
0.29667697698269624,1.8059572085199709,-8.056242200632841,-0.6640327438625573,0.4309350486984413
-0.5939014466084167,0.31700654901961456,8.393303857603975,0.39967634347912623,0.6752852102786361
-0.9014358962766573,3.546344158087967,7.478396038814605,-1.4365610526862125,0.4968289458920914
-0.28559209932486107,11.970261716468938,6.296554086572613,-0.8728993276589748,0.5240366979117494
0.8726883514031039,4.492157933942322,-4.247439910100558,0.3628815793844924,0.9469327063343553
0.42943966208479956,1.8919124916626038,-3.366764361637107,-0.7980895007781527,0.4006662765807408
-0.24585011783368804,9.025800055946132,-6.859241748480791,1.1688777166335653,0.17946853416352226
-0.5066061839176206,5.513245410788186,5.480464007479718,0.3949575605024357,0.22799740289248535
0.8464556866224315,8.281472070328162,1.5850168216381846,0.1729654618057951,0.20087653012206122
-0.41861498033813627,2.309823268412931,6.352976049960034,0.5914547903296282,0.11005369974400743
-0.08837062283908148,6.089974942972799,-4.318414770686965,-0.5550336225832047,0.9940248556627178
0.016661355329221195,5.612203240976813,-5.533745121569691,-1.2061515644445893,0.5918615501059675
-0.5553432473914208,4.160803657482637,-6.083916496264838,-1.268594247393473,0.20622535157711738
-0.30575408537118687,15.43016274938417,7.275742477541648,-1.7681902300752619,0.1508098311974056
-0.5735917830729746,2.551721437516383,1.6631823581998724,0.8065432642314517,0.9444718371310769
0.3791200277943263,8.402377016389647,-8.153789228839274,0.6886213205697522,0.660883475447295
-0.5799912108200191,0.9519540226855374,-1.7469372448170404,1.135262315587329,0.4028475779502036
0.9390625540404083,5.23270116696821,-2.509272610464155,0.03988556598643959,0.1967460030778018
0.1935424177912879,3.511735656910055,-7.45807558192936,-0.4817276071083714,0.3305146076068661
0.6685559431556456,8.04592271137759,8.101340884336416,-0.9461198897888599,0.9938394054685159
-0.3372079603951983,4.33914631245392,-1.0107270052132211,1.2933243623543864,0.8932272793479625
-0.8642563902257596,7.5766649218237125,8.564422891908961,-0.8644685353469953,0.9661143893538927
0.7836557426380069,1.3812443391760225,0.7258158336866565,0.004835990101157362,0.7419372350161121
-0.6670783265334348,2.650763491113641,5.816399350628432,-1.3208312710645793,0.10867020240128031
-0.3870724848494258,2.161427097284401,0.7051019985200639,0.5379944463444888,0.14856104879203405
-0.2798669197095789,1.4705792522188281,-5.8489626731651185,0.31120921932277523,0.0557441579963824
0.5577439496415575,1.8745709003109767,6.926681713300841,0.7032803726632361,0.5829993197193828
-0.05039724792302702,3.1106054760550372,-0.05463095414656394,-0.618331313354986,0.0575485498662239
0.31643687821875055,2.153706627973112,-8.500757791374173,-0.056089322279893584,0.31986536122341325
0.7750369900783944,1.2353759060532048,9.669892301922395,0.1117026590122016,0.8646516996155127
0.7961591083217558,0.8141341703403776,2.732753360114689,-1.6628000237734146,0.6059577130647243
-0.20007229689341854,2.4294500280376097,7.441006293710327,-0.4684377947117896,0.43958992107743067
0.8098665822449669,3.7092138717174414,2.830979218196802,0.254171024573855,0.1971453147040288
0.8610866877994166,0.8212549943020999,2.420296321620789,-0.33595651661267073,0.9944582803056059
-0.930619089426723,7.469499819109479,3.5539516307910404,-1.168151223937407,0.06389777896909174
-0.6331103472199608,1.3175958608493337,0.7553100273691271,-0.294559874945506,0.1782933711760872
0.2572977878455991,6.64352928963694,-6.117760072458283,-0.4109080149879746,0.9958012570247643
0.23157592474282995,10.499463915452143,3.433970077814436,-0.4260338549595006,0.6704446108550002
0.17260136347740507,3.8994557624350845,-6.922597456740515,0.002210904518272863,0.6570651711031432
0.31101223468674055,4.026507805476286,0.6556679941225596,-0.11491235420206594,0.776659162903798
-0.9311338132419704,0.7691807713355808,4.913321026529783,-0.5109020319358191,0.4222709178763455
-0.485784372817639,2.232645800142145,6.903772868239539,-0.9466399490772428,0.19747851274268421
0.6648089581811865,3.2356246482201803,-4.825073967096792,0.8487792512999001,0.8661707159827965
0.4702003241378374,3.7251545479813095,8.58626709439309,0.2444354662471711,0.015899548764613948
0.9589441758749908,1.3853052275423237,2.8822473626823033,0.7172493402632314,0.9857291714804759
-0.2919183094046236,1.1794656459373756,7.6745026337868225,0.14780178700518298,0.9458708687425961
0.23951485970747965,3.370241156930661,3.525048028019853,-0.8389062175137455,0.48455767205462213
0.20612136141353976,6.937806231676963,0.4570375044038393,0.6098638816699872,0.9671107804491842
-0.7947539104044703,1.3798021131106255,7.766084209803481,-0.5487581858071083,0.35389714436091557
0.284645243897826,2.586837379725709,8.395553229048819,1.4229921930863711,0.9528264365568042
-0.46561588112465957,6.130179133551076,7.409825678837542,-0.2897858691428527,0.9153705051577956
0.5647482840043929,0.9156535602198675,0.5720564154320744,1.0969393644454928,0.1609778203025444
-0.3163742353726551,1.5689358183307256,-7.769271674556419,0.7762802473925986,0.0001167326805854545
0.24005592281932597,2.9779729048134915,-4.102750761830983,0.15853875568251802,0.5057991009442474
0.4244461510885955,1.5279422248834635,2.680396787998955,0.36297163032787555,0.7583693385845435
-0.8927726647973997,6.428444334486242,-2.056498642238007,0.7245974883393874,0.7667003668127993
-0.7568334297808599,2.830421371043188,1.9410534540871804,-1.239701139968878,0.815245984852013
0.09851890233933291,0.8879320153027647,-8.753808167547577,-0.39836553961411514,0.6131951759682148
0.3734760933068386,2.7666935535952786,-1.3312817499532326,0.2821687060611281,0.9488829885785794
0.5953892531619371,0.7958868582064044,-7.0479312765419655,0.42084740291447165,0.0001794405909517576
-0.14180838219538328,5.2514431985565615,2.286772196878573,-0.21845273274146046,0.938975111170802
-0.6699766186261864,3.743696935402568,-7.31013919428575,-0.6399050340297477,0.7049283328881317
-0.7969596397594578,2.5646450731703125,2.3535927269567445,0.15499747893882795,0.9891457799610202
-0.28561123511456565,3.193682043691277,-7.622994495555762,-0.32899083836127074,0.7224509585414461
-0.3095917849020864,2.9959278581256736,8.921580095760774,0.008330712558908306,0.520017242996354
0.2951236631982017,6.908585961154116,-8.944154048147833,-0.08289906445278422,0.2517511102034888
0.28949232050787654,1.4030867836354826,8.918402419292349,-0.7143186995093888,0.31708205195274036
-0.6167769667243921,1.652656803544409,6.679936235871043,0.11513956988582273,0.998759437459615
0.3376766642678728,3.980819643248703,-4.716953174738567,-0.33160923614095233,0.5207658062788132
-0.06980292645933117,2.780870831022667,4.905523031978582,1.0919721479116808,0.36579115152679537
-0.3928665503381217,2.2370419564944926,-3.864267746517635,0.35273736814721196,0.09666503028952089
0.24115559231750083,3.6914719469730684,2.1681037666227176,0.011576384559298655,0.8764740638239461
-0.7183884736962187,2.8107401697730134,-8.45551328247927,-1.9147971536821475,0.1299263182630331
-0.9336769944154069,7.957685388553103,3.055788695783278,0.09103705002589528,0.26593866085277557
0.05057278426897782,1.2492228961299676,5.5649311817667915,-1.6544793373183708,0.2063218883995826
-0.012932770108162961,0.6582835203858632,1.4554796544691513,-1.6701462273258143,0.9352110270016425
0.9880367956125313,3.417009869873114,8.378968509684569,-1.0812105328312083,0.27994030592977937
0.09365936276834597,4.139145527154548,-7.285532960729187,0.15025151669782189,0.25384163826002476
-0.8630419043519986,2.039115339827034,-6.20789349283104,0.5572869770607102,0.11182767182926194
-0.07615509570426116,2.627501212023566,1.9011173868181075,-2.369793260974772,0.2110342151452423
-0.29220628382389324,1.7798444165416265,0.3370676318910526,0.920459164856247,0.8941638894088823
-0.43334099300582674,4.157199599675739,3.119233184607884,0.314774889397956,0.18115944057585295
0.14081271127776884,0.7468370745829419,8.010803025243362,-0.5971391281761226,0.08584687624186196
-0.6488615183638591,4.170427359526075,3.6498566657974703,0.8743185019722111,0.11348227463735738
0.6212274442223535,3.927840097981929,0.8779277458922952,2.53596388291076,0.9790686070200063
0.9173662935115665,6.086644305682741,7.67286916383927,0.9364038012674127,0.00040347699677241856
0.1424000194021524,0.6770498094168371,1.9450132980224506,1.010610743887655,0.03997747825885301
0.2798155776569813,1.6963849641663458,8.015050577792977,-0.45545215610389866,0.9603209395839106
0.8335814363185823,2.210838035938326,-3.932833056870477,-0.8222267585354058,0.04347659064122362
-0.1760281696096304,8.776374181949825,6.072935891388283,0.10660131201812571,0.9836942707108771
-0.7071262223533201,12.780874888075948,-0.7061275244272185,0.27815185849067703,0.3679345536049409
-0.9379729730405693,5.576116166650411,6.44766191064916,-1.2836672404876261,0.09866662518956065
0.31844454283415446,1.453318742625063,-5.43642596922602,-0.37635409596497704,0.24437123342471878
0.34348963948440736,6.939423038738283,-1.8359014834953236,2.620758638286876,0.25443849782045175
-0.8332585613877022,3.7884524063284593,-2.41213172590804,2.9566616800632795,0.003937845657676181
0.7355274400279814,2.9784456446632843,8.8292920143222,0.7862370139167255,0.29427143051154414
0.7556511696162833,1.2414381789166933,-4.510536245386834,2.6559453421636223,0.8786822235710958
-0.9745019840052906,2.0371165504455497,4.446401514742483,2.5550548653541227,0.22513630686827985
0.4478252899478816,3.5045608834091198,-2.61931731503938,2.146128769392964,0.5668138466701453
-0.9424989994747592,1.80256613763007,-5.819850424112576,-1.520499202832464,0.8580443638388559
0.996193293030252,1.9355233159945617,-9.053855285610267,0.7829926295475009,0.08245416127879222
0.9473805517185423,3.9116936569833367,1.8063568438604278,0.15750514725762937,0.903171093787211
0.4916718753013205,3.839176291980335,-9.566191462126096,-0.7531738106776253,0.34702548907642883
0.5959454055212225,6.287382331684541,3.8714923046599594,-1.371513915489843,0.7305752320809219
-0.6780090969697854,2.647004803549384,2.231015662068998,1.442499824057087,0.03598815773520928
-0.804534233196696,1.876143113007474,1.1966276753233132,0.6274243941227428,0.3803287299180185
-0.06821298631995032,6.449751383284288,-2.2185794858039998,0.41931909515628557,0.4215094817214771
0.22207272101561482,8.10355885513951,3.9945128881998073,-0.013946610292082755,0.725715364955118
0.9036937214871394,1.4121429462338453,-4.507094716248878,0.023664925960573596,0.19390189717988465
-0.28601293724491716,4.581254807014136,-3.931516239340045,-0.918355581839135,0.8465732517945822
0.6959962552697834,0.7725392641799617,-1.6685968329893726,-1.0929866783963433,0.9924860382637761
0.7180969980099079,6.442947310143235,-6.74316536074933,-0.6420446183362635,0.8869838937707047
-0.4766366263659121,9.0181214204682,9.959911312461266,-1.0689260970329204,0.7473541326689485
0.680082664735604,0.4721973466245717,-1.3894080299323974,1.4641334057601527,0.6649231775014727
-0.8543078000841309,7.770968620106615,0.9487524807801151,-2.3712066810351566,0.7232128358869663
0.43290352140815336,6.6029722841439495,-3.7451974715283303,-0.5829944138904009,0.049989425607729836
0.5773452402545161,5.628134163480618,8.842429141226386,0.6559534241367894,0.8032663916463639
0.8762890145398043,1.9852028882092798,5.147864549203408,-0.6244410758926056,0.35964475330256207
-0.2323765276983638,0.5782280700685716,-1.7685050827880957,-0.7931178508891193,0.2780557968008425
-0.08211265200832396,6.224943768792831,2.4160375496933124,-0.45663121693871134,0.8646338042373833
-0.39810331530733634,3.1567733230298107,2.4244587226853227,0.12314158996158418,0.21177155734719663
0.7652721577229127,3.0430401092052968,6.072201493909912,-0.8145782965165649,6.073991238514262e-05
-0.44366160629068796,10.540954593486072,-5.76113813757053,0.2894866650006141,0.5102610887955974
-0.5447129978899314,3.919863202302178,3.0488174434371267,0.6461813581538228,0.9959244615670253
0.11107450364578897,3.7961856584605846,8.77864675517263,1.324970980956494,0.06899366530715507
0.15825815060518966,4.489141383069224,-5.964074571787938,-0.6187324188075575,0.8371943815373647
0.9686469657462227,4.491091006933074,-6.67124815380816,0.1399211485658384,0.7560556464276663
0.6227863611687074,1.452730238430899,4.561508472397456,-1.9859141466097798,0.8644729367429462
-0.5123295941151109,4.781689620546245,1.854952137570411,-0.5461459735501611,0.9794469757960949
0.5089922856809275,2.9978453012237045,2.5072492281399903,-1.1399015658813403,0.6994615170489739
0.7616316484128043,4.07568397132656,-3.8821369476769263,0.3213026164008427,0.9376740138961703
-0.24244846952622212,3.6959840756288527,9.216841090453197,1.51026007859262,0.17369625901309385
-0.07755522491736011,0.9334909733024781,1.6158249086253846,1.3629745216581686,0.13890357555233754
0.08191273950432865,4.0698054414681,3.6185289545168775,1.3368567824033697,0.7062406808266597
-0.10197431607372764,3.5882102682550663,3.563675424581996,-0.7924311720547986,0.8436883973918515
-0.18618819766892303,7.508437949620603,4.287109682778414,-1.1107164634135018,0.04364202057372057
-0.2229798228106239,4.063420455601897,-2.232913664000515,-1.427558543565058,0.2149318414638091
-0.5318321226675644,3.705041822978203,4.4077852809805655,-0.46912788236435865,0.9983739202787949
0.2099647353911851,5.08645612435275,-5.318978601447437,-0.8076210247760792,0.2763385882819916
-0.7729045512611454,9.606799967891002,4.092908454505505,1.1331475158834374,0.9663443235373282
0.5255215136547888,4.621703875467566,-3.8501392274067214,0.20775720563137307,0.23816175015710384
0.6937924200966818,0.4677057104219867,-6.35992281456967,-0.32774441808441807,0.001505439785317276
0.9878691929644325,4.7608255216855175,-5.02747860500548,-0.5813227791812954,0.4000860529535062
-0.827570653981544,4.346301339092358,-4.870816017623398,0.8281638748977248,0.9756601615428311
-0.9286451651554235,0.47646961760818657,9.032582223328095,-1.2386546077940486,0.03004999509747167
0.891526040031847,2.323538869284814,2.769706068860586,-1.5540933726706927,0.5112682459624807
0.6327747674426747,7.367696084372379,-0.3624605268557861,-1.2453196449916442,0.2963125466659164
-0.21570660231311178,0.4328468024450563,3.892029869765718,-0.42869369709858446,0.03611979316943029
-0.8568411217219953,4.810341210549924,-8.633697416368495,0.6991221505255588,0.46235817495472026
-0.07072345004867509,1.5132293178584544,6.750171491542538,-2.274985102027431,0.9994448790782153
0.5152643585714638,1.2378528629186885,-3.401753601379336,0.27707076829194643,0.8821631425116644
-0.25274083694471816,7.31072837086836,0.19238987188007783,0.5304839690520958,0.004230693884424334
0.5255585230515236,5.717995659038096,-5.9336843345518275,-0.2319945682715271,0.17202725078066342
0.09108535354117153,3.460084356082026,4.877594856389942,0.7130000944896265,0.018790274564163625
-0.12339191026744167,5.129759856607585,-6.369168672029282,0.43164356050043623,0.2683824294864817
0.4658521154343167,5.419286601265769,6.4539517490052205,0.7366726319111093,0.9740398418525578
-0.9724673224813349,7.040855903620446,2.8942830248673843,-0.22458489444342716,5.382549948347283e-08
-0.463837204426377,6.101700252802992,7.33147277092646,-2.295011602237114,0.06454626749756291
0.08350799327321301,1.0933470425504241,-0.6928092432290391,0.21804086941670553,0.20516819583171755
0.8753249234474867,3.1191679204764884,-3.1343608689684643,-0.32325094706486085,0.9996900808992037
-0.7266148291060206,6.007078293841824,1.6199556650644649,-0.8413092729697856,0.014191367892721374
0.7080162257320197,3.314736566588698,7.5971107785477265,-1.9750016903744088,0.6260697477310228
0.3612523752676493,5.86037175816791,3.606567276358305,0.6323257403357645,0.0438803769610612
0.3120500311528418,5.062415534743512,-1.2990594400952418,0.9557819406878191,0.1985982750791205
0.13260886574107067,0.9473654044262041,-3.590492019002376,-0.4651579042479045,0.8182611001949321
-0.6319498079449917,4.66922986383976,5.522391551993337,1.816132813335772,0.23861296307211233
-0.8495279588411453,1.7623215017031488,5.130179432583706,0.7868158906349637,0.7064884403543458
0.7865195501028965,1.6110729610242285,-2.045216850278999,0.3507677711943134,0.3426098266985146
-0.7489731493168428,4.58016886954068,9.414859848596699,-1.2064384376991804,0.4476328803202619
-0.8866917496788063,4.350592493793545,6.5422447271586,1.168427877648457,0.8323311768195207
-0.694831456544083,4.964100770889187,-2.1903632194366,0.47223375234239945,0.3251177081762033
0.8740496047285911,3.275211960336748,9.142915190896453,0.43517077480864835,0.7785724105595498
-0.1570723461929413,7.478754804522443,-8.627799491569117,0.5464164797451704,0.7202225273828523
-0.15762622056029318,3.673427779188769,-7.5886333694273,-0.6546736643179082,0.7430587958986881
0.09985283693933011,12.131989458665478,-6.243597500600931,0.7356455505590326,0.8846392309014666
-0.9810875463542557,2.358564510819793,-3.205847755394384,0.6522145207706148,0.23858671551504237
0.9135128673456949,4.291988308184258,-4.223119442212484,0.7781895024352432,0.07303884464176483
0.9900175390084043,1.670054921328332,-5.63643716847502,-1.709057395297244,0.06458547635930216
-0.8415329929213389,0.2210337863939485,-7.681160449620563,-1.3322083785761194,0.5537300070273437
0.7241804640705183,2.763783305322369,3.6909174487744707,1.3430616717295119,0.11521274345633027
0.9552798398911211,10.887114450032854,-7.181260137463803,0.23341730453953052,0.6960166767800545
-0.5973831726049645,2.8186948068203304,4.173885163290654,-1.1106662793601396,0.05605730425961456
-0.6515207325595973,12.37863225583602,0.38053137418256,-0.09502358130558004,0.9054449998409815
0.9994634100245181,4.897060660127698,4.592203124653873,1.8755576123686888,0.13941377283734435
-0.6883309190120148,1.3042621939324595,-1.267031041574045,0.3840914356795932,0.18124555901044853
0.42226706158469707,5.158810212385793,-7.738540641919965,0.5799993007798493,0.1992573140514155
0.6209255065991346,8.18853456301558,-4.295236024052573,1.0736279764397263,0.08272920371257034
-0.7399667617347148,4.231178452177225,1.7007641634336714,-0.38642184279936714,0.6163900491398483
-0.20495484675672926,5.419465950784612,-3.599195643214072,1.449406872108999,0.9631015371641084
-0.5883274303408244,8.755717592564709,7.301951305842426,0.7529477259365901,0.052898200132842375
-0.38363344837820734,1.941399423277365,9.002828368271857,2.267237700239927,0.9431112425192167
0.014155824756775903,3.216194659799891,9.875130017439027,0.05660786471841235,0.5412859576328027
-0.8996592240528807,3.1300885656169593,-5.737591041832328,-1.251979187798397,0.9936064184718832
0.6983045088063664,8.850813293523393,6.880117350187287,-0.6334066962085663,0.9064760319429974
0.5427518613902877,3.5622394271867415,5.09015085026858,-0.1929562468414746,0.7077964212387761
-0.9789256732255587,3.119882185768658,-1.192135479480104,-1.1999326732404312,0.9976063532045137
0.6456322119774511,2.230694244749418,-3.475804981697033,-0.6726335609921507,0.3464171310022869
0.43853559376743023,0.843753073476279,-5.874420260504369,0.5174238933527956,0.9148003205331321
-0.15725199697479098,6.8716699369592655,-9.640724401237602,0.2235733224977159,0.39320112765653653
-0.14324228280832663,3.4303844533341183,8.086109681499526,1.142767880171109,0.6568648061067324
-0.22227107270657132,5.162758587156344,-9.516014146820845,-0.11938687496966284,0.020208735458151095
-0.4069785890776061,3.623757928677498,-4.622978683629329,-1.196719507961067,0.26643152312784013
-0.42322354363921466,8.507659599067882,1.3249412623523646,-0.6115867609932565,0.11687150195033076
0.4075552856208162,7.031609452520922,7.910169721501557,1.2325469462115002,0.9531114553481467
0.650072738921265,2.9230328542032993,-2.4573118456206196,-1.1427493806716214,0.694199097319761
0.16593083795789143,5.312930741326744,-0.8738054084459996,0.3026692100389,0.526628318167107
0.883470568194509,2.589973584936109,-2.209677377763903,0.7310756843216715,0.014736583563807148
0.5651699671775419,3.550824447930336,7.5582496731811375,3.9470748727298437,0.8277466234556307
0.6521993622028137,5.972449291912424,2.037041275854083,-0.7212655938082353,0.300504220520286
-0.7777478847351418,16.266986353378478,-1.122032983024388,-0.2979011188185907,0.9620616323077805
-0.4333369593316201,4.710478026720106,5.924025089346534,1.0516203258691716,0.00286525486112268
-0.5643501878426866,2.7276876739316522,-5.8515495670976225,0.36647991324057744,0.796182109415292
-0.09114817656690688,0.679105858395126,6.250311644179323,-0.1976634417286703,0.46513871924244105
0.1756544150051167,6.354921938258195,-2.9242654668370633,1.0623885601533731,0.68708843257829
-0.10584005959499776,1.0195326316683815,4.196065047915569,-0.5529484738399583,0.9944549551072411
-0.10767812341093963,1.952654417984379,-3.113968491302284,0.765082221408076,0.9369639890190428
0.6258930886984098,1.9741216953161733,-3.4161556135599973,0.012939959853833415,0.04169956724893502
0.5562689321752228,1.1186329412205118,6.535592522611438,0.26539285878639396,0.9664137180688239
0.9044012195714504,2.640049107923305,-7.15507099481094,0.7851220977823895,0.43281860794014565
-0.8039837914570291,2.1267226627565083,-2.672626523638993,-0.08322669396558845,0.7748331081824673
-0.9603593372447659,1.0103977019274781,2.4078774712837703,1.354056401266188,0.5180235324087075
0.8321456041032622,3.3572114935467496,5.891959598832738,1.9468589503523803,0.7910350272046975
-0.6501492647159812,1.5376359989705297,-8.21461050883476,-0.6591269707949863,0.008554402251433432
0.693614202524558,1.7120845166604879,9.299312128770335,0.8267172778087476,0.026148522739019017
0.07622177310125089,5.255965390276666,6.758148557286795,-0.4510143261063986,0.9900691157836883
-0.7400098547089662,1.0301763755697164,-2.3331013989487666,-1.828413645929584,0.004508742155719916
0.5454513427829697,6.805935210853795,-3.026982218612913,-0.8342139650338057,0.0402274418031127
0.289002313280738,6.991635849671025,3.862696971752289,0.7860347570692197,0.012182938223715908
-0.46500518794114076,2.037830810468121,-0.374613832457662,-0.22658896343547494,0.20830365828486644
-0.973852189529741,9.816147022004248,1.673562468713719,0.13651019585545082,0.08536566690726269
-0.07729104899224937,6.705445829163539,4.433113734496661,-0.9473524203616787,0.2903450019095955
-0.5889681233584461,4.716904869090958,1.4817390486729138,1.4411754697625743,0.1316415818110517
-0.8670214338351918,7.203603756971613,4.016652184380984,-0.3653874482132629,0.022558624216867725
-0.5571865059478405,6.793835638400928,-7.809320638638226,-0.11430170391931947,0.8111516017989902
-0.9054160344654019,0.683687320819338,-8.582470916616717,1.6009202289891518,0.8133023851261235
-0.1584897407670003,1.8228479351879678,-7.270180979405638,-0.6248562179077969,0.28791148689088564
-0.8777409586019735,9.091095508716032,6.368251595705029,0.7194123835078297,0.4587670864946269
0.5159682794935048,0.4717294990008862,-3.022111860443564,-0.25586786535970935,0.32489853255789514
-0.42734154742519137,2.130748514400548,-4.792820219280854,-1.0772160810083846,0.07451361256254754
0.21962277505817318,3.103133340624404,-8.373427539196632,1.0854206626533505,0.02492823382320169
-0.42165621448467716,6.36119115189937,6.98903653375821,0.5306697284466256,0.014549007154758384
0.8965382268184705,4.160133719727562,3.1833060096939754,-1.4507227322845695,0.9725731284634961
0.0907871967020466,4.908041718544579,0.5621956760771845,1.2119507591703964,0.46526683863672225
-0.8004782040850982,3.0873301895915777,-4.7549566762557305,-0.8073531980872402,0.938872275110984
0.9930872068985885,4.41101846643258,-1.1833547733815415,0.8097882767463173,0.36757900739221067
0.1934999107790707,1.15127493267896,-6.599194996864668,0.5692655544218999,0.9720228574407389
-0.006380521776479631,1.0724567576267365,7.155346576638408,0.516069866349828,0.904756966607512
0.8936620590069462,3.907504232076435,7.346505122988116,0.058399529879837646,0.8085076832621526
-0.8059555899676147,3.803443765022767,-0.3392982583359512,1.3305211372432575,0.5976334323195595
0.5884163995272651,0.23728060244082894,-2.0701791926985003,-0.33974867174975987,0.800371025661585
-0.3427638296504667,1.5669187496531312,7.601016698816444,-0.15763727689916843,0.18614332231851913
0.7465153891669283,3.113895928450079,6.35704969157905,-0.8730121013911905,0.0024255062815614096
0.4508753164219239,3.589307119321536,8.036733524020097,-0.7673628121157127,0.1622236727693789
0.49767831789714645,2.7809154014490898,-2.7979835424104866,1.5635664789596082,0.5007522480243662
-0.9974294768375422,1.6415224005112463,4.068984860771314,-0.60723094279161,0.0962555913721745
-0.35524777281026365,4.499618584597796,6.774784013174912,-0.45589777260598896,0.4420528156435504
0.13668455067112495,1.634749375688092,2.1691021502414998,1.0701276627318341,0.9523928846759205
0.8170358498110677,7.139647041668353,-4.378239171316505,1.0753459869442223,0.011355074508300535
-0.04347195582698715,3.1990531157429376,3.3808211277842997,-0.25575256144853686,0.8998149537976524
0.9038703676831681,4.326082019003254,9.223332602836326,-0.1471194943471895,0.6848884813910604
-0.5012715202804825,2.4599589848239485,7.029492044257946,0.5781052489652342,0.9854420541058935
0.482998821134623,1.5610975504259448,-0.1490892377262405,-0.2542303091076173,0.03833915140582925
0.537034419986814,2.7744140624656835,7.050072258275279,-0.8759924256805758,0.3135757458570699
0.43894425287605654,0.26294215072650057,0.48965678602893803,-0.7373491586883552,0.9478660779057302
0.7048281735859203,1.927079612286967,9.9490630633905,-1.5332717834767071,0.7731013444985135
-0.5865581777309432,9.587809136570643,-7.220603729000135,1.1901249034191554,0.37090668449948827
0.7138156314897355,7.750944932780222,5.959974469465783,-0.3978799164216109,0.0007629274399987689
0.9972879858319303,12.112948370508407,5.917830170315952,0.29729132382749374,0.4691113668649601
0.2094912878585371,6.989511888472223,-6.593719752701923,-1.7381546842535318,0.0023385368549417303
-0.17150093196172445,1.845528844230937,5.4340298341847415,-0.6733253765070764,0.47485533802400764
-0.39103146801171373,3.2057662567483995,-7.509769212145612,-0.7383621355837602,0.9224645895530591
-0.9961664887868107,3.9573258076869466,-6.12162719266081,0.8977212077457134,0.06584798636601219
0.18820225759488962,8.925947285906268,-8.761465390154608,-0.44068143289764283,0.00796353264252979
-0.6476803998856722,4.463430382818754,-8.436358772064349,0.1967894244516426,0.7640164081432923
0.38627404111866337,12.72972617934839,6.952537243093197,0.07814939610980268,0.9254079739871667
0.7600637978040032,1.1702871185157468,-5.502368182138415,-1.444102209952694,0.013526971581153227
-0.38977337931251976,1.0886674343646288,4.790611111747181,0.4394438369515363,0.2409557988613499
0.09135729883371013,0.9143329610895556,-4.891551745523821,0.7356021727216013,0.41093817103672403
0.2745067156150318,0.9143796620264804,-4.99720612511986,-0.03253986061237044,0.9038688853486224
0.21281506730824207,1.9189200095365544,-5.507024845917425,-0.08581762853640212,0.16482165765585396
0.6061444579066653,6.03342086952372,0.6096818149746408,-1.9813601614605068,0.5638149987439159
-0.9192239863025564,8.062762658782704,7.166315614092582,-1.0270683918492776,0.057620894711056005
0.2688750452669846,1.0801360385977163,-8.676327126016481,0.07978100970089962,0.4241258528456813
-0.39707427731500644,5.535802231699669,5.0407971001940215,0.009211508684453055,0.999691234133938
0.5739580436884915,17.00491280819729,-5.380054291220406,0.14319320827009077,0.18101315509707944
0.8079802059939343,3.918617456834432,3.9070643014990374,-0.9010207547433923,0.29259763059463634
0.4036225248001415,4.405119706807194,-4.846378349088796,0.6543889965643265,0.3693254631505474
0.46427924402598575,4.758430016370587,5.747664940990141,-0.11007406082268596,0.8026622668934406
0.7935246686994573,5.660842264857864,-4.15417837045954,-0.49863221035508365,0.5508850236913667
0.14974671326717948,5.664989697549077,-3.539376286867009,0.6702415214092396,0.21038413152860236
0.1504144563313785,1.3483087210638798,-9.634139554195615,0.867965855257118,0.19452583573713803
0.3778986990113642,5.45969337515671,-3.1475037461601163,-1.7422903919451886,0.4665580070797947
-0.16621070821461248,3.66325561191434,8.092555890719794,-0.1695864680650123,0.9353291114616553
0.446720650201899,2.276895159907375,3.521359509094262,0.1795239879753877,0.17038075639311176
0.15340951335994468,7.953982745219914,-5.703378497737113,-1.2179737609558134,0.2292757378318266
-0.6976280148298637,1.027218494098722,-8.846531697386181,0.027224160569477535,0.4476388699123782
0.8323240539866275,16.548213296964423,7.92401812573004,-0.9569529010826574,0.9986326900205335
0.9908883020666817,4.887686468491505,1.2581168698678376,0.5142710038356214,0.8200583620406947
0.05696226736852816,4.282254848717747,0.5915875276446982,-1.5107726271562956,0.5728935007077774
-0.10918078684192323,2.2897829977923374,5.433562380080723,-0.021731797870092363,0.0056764970946164405
0.009811257121099093,8.594668664266171,-5.108068066490712,1.7724202008237515,0.9942226960552998
0.5947947985394466,3.8450788888280893,6.160360570873099,-0.5051205236065182,0.7501978308539548
-0.5604597109771017,5.237242190603332,-2.9956568195936484,-0.6152264646114527,0.24275994171066712
0.35273107823398697,0.9055186149406091,-5.616148000750281,0.3398366348780074,0.8414862340507443
0.8722544734864983,4.442265287321047,-1.3906729539675737,1.4831784979217169,0.07962011459407184
-0.8728809348903654,2.881319745038603,-3.8637125468063775,2.9661363148021778,0.3915589894387138
-0.3092247264713808,3.704520507952691,-9.172028128634736,-0.8115134496557423,0.7044690323418067
0.9275991732922821,8.081061622364114,8.723137086641657,-1.9464681275108582,0.9579107095268184
0.39609730077821603,4.91610673342649,-9.208839965166844,0.3011665150564182,0.27753436306852575
0.2880299079981634,9.924187252129705,1.426381648909505,-0.3603205783960496,0.29738808315449744
0.6765955227206164,1.7356175245709298,4.794947243955747,-0.31898451132990463,0.5535771830775292
0.49987859899883547,1.6760279646147045,3.068960786461318,-0.0316791296348197,0.9773578469261109
0.15218934726820632,3.368146993336092,0.7688540480270696,-0.4962272737249591,0.8740759085657028
-0.8217836211651219,5.401497668470269,-7.985201221587676,-0.26637535283578534,0.9888361516672888
0.028562320666949415,6.113612574247918,5.6537122523428245,-0.8581202941531721,0.7122049924768149
0.31285589312839135,9.67532100156196,-8.025636408105983,-0.966727134133482,0.6591134086075171
-0.26538290421594524,3.6159377656175735,5.346893484561273,0.21675528717821566,0.8674374878483011
0.017150773747254933,8.988335455193855,2.078770790422425,-0.08236398488885696,0.14160401480634927
0.6617784965469578,2.1677587092197954,-0.07475085325485153,-1.2110905342367133,0.007633426061784119
-0.9107538099996129,3.354273352935131,-8.503780708162534,-0.8146187353828797,0.38099462167427467
-0.5848343208382862,0.23199520462152615,-9.366487812282433,0.5008529320972088,0.7830683696228962
0.3190009216433367,7.28631004382942,-9.13001198699282,-0.05154653759555273,0.09896174392012284
0.8297063125411566,3.4350375867504357,3.9801507985389666,-0.556233565117287,0.005589337720236086
0.14142209856513177,3.4493541469826923,5.915253447194917,-1.1145324786718807,0.36985690064552584
-0.16211270667346023,3.199768786909695,-7.9104443914430655,0.5347746526765342,0.029453559351958657
-0.2504172766580324,4.336201111275973,2.0079982273969748,-0.4258457636122766,0.2845527213547221
-0.9715949532749055,5.972375314617281,-5.073303712271844,-0.8738640891345223,0.031208278159242913
0.293460441562585,14.421363549775283,-3.862219584410802,0.5189237825833345,0.9772195060186372
-0.4356954879859445,3.300432623307664,5.120102738838311,0.14771502381856644,0.003721420389872171
-0.7706464557834278,4.428203897714934,8.713372495186945,0.5636866171679987,0.5097068392403765
-0.589489009927922,2.342067677096071,-0.8511961478298673,0.07272329758133676,0.8707007309715032
-0.3506021250434337,5.163341139629901,6.995903453024063,0.43316258007675223,0.3922766818949105
-0.1814421756122513,3.191242780932855,-6.310549717727514,-0.696327918111676,0.051243888248755934
0.7134335222902242,1.7757898783017967,-7.692587463862179,1.622179848915889,0.40317992378596823
-0.3932972246593023,5.5741077476702925,2.5863298770558014,-1.4508058341636136,0.8920330783151972
-0.11896493482790049,3.7589949335338213,1.0333917989136943,-0.8098665646868216,0.05560752958555102
-0.25690358094023846,2.566373670285697,5.16631856011664,-1.4847722824815928,0.6368858124087607
-0.18192042536802955,4.1502381043394925,-3.5979752018713462,-1.2728735868811925,0.7820479217288698
0.34740177116769266,2.3206164937351588,-9.170647995172159,-0.10168360748630559,0.0003032077515284376
0.34137731769647206,2.680125960081063,5.878800458864983,0.4026953018197295,0.979631461674954
-0.0006214125829993034,5.291892399922528,-9.033309193857429,0.5730463882686522,0.3210948254445349
0.5876035306920098,2.6715912744165817,5.954175047646382,1.5930950064770737,0.9975216749764815
0.15330154179042355,2.2115681814372725,-5.973918259873628,1.1154443061175818,0.2230109978048199
0.5320377673095593,10.066762412533775,-0.7741080870258799,-0.28334718224799993,0.032239948337438325
0.4540473544527224,7.734302692734634,3.6528025318036423,0.37537556398742306,0.5767542551417474
0.03834967762974251,6.772261664989942,0.9733267113066191,0.7888502515681513,0.5144491650995261
-0.6655137711850401,17.325183735614452,-7.700435107211314,-1.0340021042842855,0.9931562572184054
0.22967908497256562,3.8271402790890883,1.3455752346507026,0.6947441615683378,0.19478359171097862
-0.5714041609267959,1.1500196324992005,7.83636003167463,1.1181079791153645,0.9614816001509338
0.9746371625457786,7.117088093676884,-8.196011872320902,-1.6557889511168884,0.037481654928661484
-0.5904199003884294,11.236687234760396,-6.102961431763729,-0.2850873600295869,0.21184429401012406
0.8102826072436526,2.9694476521523203,7.793632395385547,-1.6820616913062867,0.5495764571034948
-0.5281557086646314,9.349741205063996,-3.9570704858378853,-0.957911809907131,0.24861234595544343
0.22928271722007265,3.945597624508018,-8.852571518420945,0.4980417996293346,0.2780870107740451
-0.2925432655534981,3.94721685718161,-1.8842262165665975,-0.3975118034561102,0.6443228193903796
-0.8181296439039125,9.461110517158994,6.518577210054467,0.2249243816904775,0.9989013999375873
0.42347623827655045,10.913595514275585,-8.850155185688093,-0.6366844697593812,0.5902758460885087
0.855844506785217,3.3893002906042247,-5.120227644170761,-1.520143392832321,0.7716454564743007
-0.8234724590966425,3.3218625627499394,-7.144831344236351,0.9301248708293961,0.38083899576953073
0.5717492688266239,3.3948471394175046,-0.7724778388526854,-1.0001806445828263,0.8363983545828877
0.7796041795095012,1.0326215491171529,-7.611145474409955,-1.865836886734811,0.8309932108605423
-0.17872249163395293,2.1905557237075386,-5.53715742654555,-1.1690305305984658,0.9997370108630849
-0.24453112813451705,9.511316106494387,-9.326114014065785,0.4068175213791125,0.943848402119213
-0.23252604667566001,4.822806863591069,4.837548385147485,0.27126343515037865,0.01826478529671703
-0.8536128405280283,1.295814451393904,-7.387955578714669,-0.08764948990278858,0.6500165811889915
0.09102029629340058,0.802962331133132,-7.584661170012166,1.0962571694007501,0.14166715287023912
0.17811826807282394,0.4720662472764186,-4.426597904907941,0.9703822486897791,0.49669346256735375
-0.6866296518325867,6.108452938961378,9.524708621503308,-0.6313989886002668,0.08228783398074466
0.37070067006142127,2.8581697948277838,-2.1004554022042026,-0.01073042895471108,0.6646628584401313
-0.7128131025777713,2.8944116364395245,0.4286531762718564,0.9729306650869268,0.41041118548374067
-0.9509717330860683,2.117796778953002,1.8498487874614362,-0.22726591955509878,0.0005096401014609712
0.6576106192001332,3.156333131302948,3.475122533466436,-1.0522956908602832,0.44650976086924404
-0.7808334737817917,4.135757630542417,7.8624876517259175,0.11676032138410175,0.21660416067731295
0.10343828620086404,2.9300052922974746,-7.686290208228847,-1.5257690177314456,0.8224215567363756
-0.41613223323066073,4.452090121603035,2.870986481351867,0.7621937255762434,0.708240559375883
-0.9226890455235299,3.5454737509956233,-6.678750448522479,2.049840651991557,0.5723180167162325
-0.359216251244165,1.4901736098476823,9.756591096405629,-0.36727392890757743,0.25575281549432316
-0.08664126858545651,5.635773584302946,-2.3666621287409795,-1.257618841755885,0.00014650639112240407
0.8606839478630894,4.928283866425681,-0.992988023784509,0.0038714113474956923,0.8129244293491179
-0.5218524202431432,2.982905305893335,-1.8075987262662085,-0.9794117000635207,0.027345076705287623
0.9931941800205566,3.1780742466335683,5.764427218434506,0.7188375818678077,0.08436700242767438
0.9050885099030266,8.986915446034185,-7.549075833467822,0.9320681462430523,0.9855689630648699
0.5981046827170338,1.2341056250865008,8.225294611353068,1.0885490088997902,0.8156671682238557
0.30661200687746026,3.394587302931394,7.910746808874496,0.9207801592584578,0.48066966855598176
-0.4906347610564119,4.404192957309493,3.287531315063571,1.5270285389114553,0.9858444803419165
-0.6258986713475436,3.0483669902102637,4.840979501085442,-0.16101752302228825,3.885648558167076e-06
0.44819238082240864,1.773201633317347,-0.10878280589889755,1.0408995476556844,0.19410603175114896
-0.0804668491452003,6.676219942663517,6.516674999420712,1.1163795317160756,0.8738256390739813
-0.8541097443726262,1.5983162947448508,-9.559835692109369,-1.9301827534088303,0.9457414677755529
-0.0061456618244561945,0.7336893001585006,7.509290474202558,-0.8192069430716573,0.3191537058685375
0.49283548524104925,3.018046737632347,3.7333844543137005,-0.6981991785731249,0.17092029188647948
-0.42332656705214045,2.914284141504985,-4.378419422309365,-1.1896149717571949,0.7826566238194083
0.6002373715888829,0.8364847443405692,5.710647405533983,0.5592858082616874,0.9983663972795404
-0.968242891070707,1.9324525448607677,0.5657548903795924,-0.053400287463467526,0.9967229181754447
0.3930501819404526,7.120441869223968,1.1507400963918286,0.2779250365140785,0.49840621066532237
-0.9259528387507707,5.616324271649509,3.876145897483269,0.025286525811943173,0.6409649484105441
-0.8601394807481066,1.4089326312489971,2.578928033000965,0.8471938967968062,0.6609482673916418
0.20027625425086804,3.8805086270350317,3.961623220706576,0.25589629208283143,0.05936466193581053
0.38306324642481204,4.36446642969743,4.563917704498273,-1.3222195602068478,0.999865384454177
0.28021359350552166,3.0346958634694325,-7.200025546652043,0.18903645065819122,0.9823185096718271
0.7228374016598613,7.378036213856918,1.8144465018325757,-2.142080868627297,0.03308185132687104
-0.18624998646049185,4.859076621677068,-8.55715394770273,0.517926162727039,0.3794950934316253
0.8824773399422032,5.54767637982856,3.4130757972112846,0.5636714629442156,0.8216609044400419
0.8994930233635405,0.9172644578380553,-4.515852546252193,0.165655272222422,0.9728686075962525
0.30235287132038513,8.836857867306865,7.964429758271109,-0.3693897622018319,0.9076532688781619
0.8780457843119645,4.239436098243358,-2.246906969128326,0.6021761913346246,0.9824026773536104
0.9978388672681868,0.7037799252382956,-6.707181282481138,-0.4126250220500318,0.42920555341133587
-0.8600688768060978,2.1092706697619024,-9.012917785919402,-1.544648166320641,0.04278532154258574
-0.15377532371214753,3.8040779928965014,5.192548307929508,0.36188771003951825,0.08521023306531648
-0.1487241585947019,2.1128800475971636,7.2767110555604155,-1.277059210832767,0.9989403418765321
0.13366316911093779,5.643955735138684,4.382316108543325,0.6453657694197845,0.43844622392022087
-0.2070450629871985,6.706269954057511,3.81583388556092,-0.21417368830588565,0.5605849506008205
0.01805074430726017,3.5925855052432585,-1.1181570606802964,-2.3756388037760625,0.17887682720633766
0.2738520332598884,10.121454788403936,-4.369865701963322,-0.7393829628435193,0.011854853104930318
-0.3866564964044641,9.556745359879109,3.616995467948705,0.1363501928247066,0.8163031058370809
0.49089672552799546,2.3650346253004124,2.4647689185426636,0.7510126602788989,0.9704808547173552
-0.6120046134887176,1.957757673348035,-1.5346684897218452,-1.2638358967189527,0.0038706131138172956
0.06247772005105334,1.3941822667720538,6.488804943208301,0.43177272899817565,0.3393096805939272
-0.5196846184501103,2.836505354400551,-4.0115246546638605,0.5430530650619414,0.25868049435361157
-0.9474442643937866,3.044016844704621,6.398376509705926,-0.5205100165986201,0.12372776239813973
-0.23473059050225276,6.578327657371276,-7.038517067420795,0.127260649007208,0.033531363658899596
-0.1491279825395917,1.0595712732516778,7.721945428195511,1.1215361753109865,0.7810559899897626
-0.40735165866895806,2.1126923121807173,7.224811284700326,-0.46082104381400996,0.7884909680547892
-0.7054205751492937,2.9845497082170054,-0.5008655850028116,-1.8230463872939555,0.6978539831627883
-0.023512964834899952,2.345311679150882,-1.531464655605138,1.243916920642899,0.44139405252231867
-0.01667396482819905,1.9186565384193743,0.7222382147623883,-0.9950056831315952,0.05127979614187871
-0.07878980348042619,2.7561575788641477,-4.213267951056507,0.8455035168988299,0.03141605602645077
0.510984954204794,1.8664805788056709,-9.594448208097088,0.8595552336919096,0.3040606207390722
0.4065906895748712,2.978624370722074,4.819390227163964,0.837690262814007,0.4384437654817467
0.8800959440126304,6.557696257553579,9.678892601327394,0.9048011981137125,0.6552935486670067
-0.1233063868820683,4.164257845474134,2.2534939962340133,-0.4006755606348087,0.829602541429086
0.8994878950924596,1.7294985117416182,-5.30393976181138,0.5690385449799723,0.2512759295610496
-0.14138622280635915,4.195687225355859,8.874601800939075,-0.6256320886499627,0.36986789125144137
0.8369951101885023,5.972513069075622,1.8766849203712006,1.5383498253636285,0.7699060816348762
-0.17992975778348508,4.624831618220274,-6.12449703047324,1.4614812713613128,0.7447799265742819
-0.6292928892286245,4.386904332322942,6.745778796683123,-0.10210991551701602,0.9618088380922434
-0.3787957239442552,4.294249754172931,-3.7540663946874364,-1.0922768203443005,0.008254562116807635
-0.3402721641934847,3.74519095466886,6.956619805527318,-0.7662519525038282,0.5177160700470255
0.017409701074175166,3.874716933972926,-7.145611410950852,-0.797521572904374,0.10301153656530339
0.35058780986260385,2.2222339659879373,2.845702316765939,0.10527552980902351,0.017850242917426484
0.6873754251497735,8.626768787219179,7.047695574139798,1.7637501814701904,0.12361648491377555
-0.4120289748798651,2.121480931390603,-7.713308062191566,-0.13219621480886012,0.8794433655428734
-0.30840661352793974,3.199383896035011,2.291066982826539,0.3401903669405037,0.048669161485111787
-0.3531343304409347,5.391267137380619,-4.294576399140302,-0.6017318074472867,0.7382162089913976
